City,Period,Temperature,Status
AGUA BOA,2019-01,26.0,Perfect
AGUA BOA,2019-02,25.0,Perfect
AGUA BOA,2019-03,26.0,Perfect
AGUA BOA,2019-04,26.0,Perfect
AGUA BOA,2019-05,27.0,Perfect
AGUA BOA,2019-06,27.0,Perfect
AGUA BOA,2019-07,28.0,Perfect
AGUA BOA,2019-08,31.0,Perfect
AGUA BOA,2019-09,32.0,Perfect
AGUA BOA,2019-10,30.0,Perfect
AGUA BOA,2019-11,28.0,Perfect
AGUA BOA,2019-12,27.0,Perfect
AGUA BOA,2020-01,26.0,Perfect
AGUA BOA,2020-02,26.0,Perfect
AGUA BOA,2020-03,26.0,Perfect
AGUA BOA,2020-04,27.0,Perfect
AGUA BOA,2020-05,27.0,Perfect
AGUA BOA,2020-06,29.0,Perfect
AGUA BOA,2020-07,29.0,Perfect
AGUA BOA,2020-08,28.0,Perfect
AGUA BOA,2020-09,28.0,Perfect
AGUA BOA,2020-10,28.0,Perfect
AGUA BOA,2020-11,29.0,Perfect
AGUA BOA,2020-12,28.0,Perfect
AGUA BOA,2021-01,27.0,Perfect
AGUA BOA,2021-02,26.0,Perfect
AGUA BOA,2021-03,27.0,Perfect
AGUA BOA,2021-04,28.0,Perfect
AGUA BOA,2021-05,27.0,Perfect
AGUA BOA,2021-06,27.0,Perfect
AGUA BOA,2021-07,27.0,Perfect
AGUA BOA,2021-08,27.0,Perfect
AGUA BOA,2021-09,27.0,Perfect
AGUA BOA,2021-10,27.0,Perfect
AGUA BOA,2021-11,27.0,Perfect
AGUA BOA,2021-12,27.0,Perfect
AGUA BOA,2022-01,26.0,Perfect
AGUA BOA,2022-02,26.0,Perfect
AGUA BOA,2022-03,26.0,Perfect
AGUA BOA,2022-04,26.0,Perfect
AGUA BOA,2022-05,24.0,Regular
AGUA BOA,2022-06,26.0,Perfect
AGUA BOA,2022-07,25.0,Perfect
AGUA BOA,2022-08,28.0,Perfect
AGUA BOA,2022-09,29.0,Perfect
AGUA BOA,2022-10,27.0,Perfect
AGUA BOA,2022-11,26.0,Perfect
AGUA BOA,2022-12,25.0,Perfect
AGUA BOA,2023-01,24.0,Regular
AGUA BOA,2023-02,26.0,Perfect
AGUA BOA,2023-03,27.0,Perfect
AGUA BOA,2023-04,28.0,Perfect
AGUA BOA,2023-05,28.0,Perfect
AGUA BOA,2023-06,27.0,Perfect
AGUA BOA,2023-07,27.0,Perfect
AGUA BOA,2023-08,27.0,Perfect
AGUA BOA,2023-09,27.0,Perfect
AGUA BOA,2023-10,28.0,Perfect
AGUA BOA,2023-11,28.0,Perfect
AGUA BOA,2023-12,27.0,Perfect
ALTA FLORESTA,2019-01,25.0,Perfect
ALTA FLORESTA,2019-02,25.0,Perfect
ALTA FLORESTA,2019-03,25.0,Perfect
ALTA FLORESTA,2019-04,26.0,Perfect
ALTA FLORESTA,2019-05,25.0,Perfect
ALTA FLORESTA,2019-06,24.0,Regular
ALTA FLORESTA,2019-07,24.0,Regular
ALTA FLORESTA,2019-08,25.0,Perfect
ALTA FLORESTA,2019-09,27.0,Perfect
ALTA FLORESTA,2019-10,25.0,Perfect
ALTA FLORESTA,2019-11,26.0,Perfect
ALTA FLORESTA,2019-12,26.0,Perfect
ALTA FLORESTA,2020-01,25.0,Perfect
ALTA FLORESTA,2020-02,25.0,Perfect
ALTA FLORESTA,2020-03,26.0,Perfect
ALTA FLORESTA,2020-04,26.0,Perfect
ALTA FLORESTA,2020-05,25.0,Perfect
ALTA FLORESTA,2020-06,24.0,Regular
ALTA FLORESTA,2020-07,25.0,Perfect
ALTA FLORESTA,2020-08,25.0,Perfect
ALTA FLORESTA,2020-09,25.0,Perfect
ALTA FLORESTA,2020-10,25.0,Perfect
ALTA FLORESTA,2020-11,25.0,Perfect
ALTA FLORESTA,2020-12,25.0,Perfect
ALTA FLORESTA,2022-01,25.0,Perfect
ALTA FLORESTA,2022-02,25.0,Perfect
ALTA FLORESTA,2022-03,25.0,Perfect
ALTA FLORESTA,2022-04,25.0,Perfect
ALTA FLORESTA,2022-05,25.0,Perfect
ALTA FLORESTA,2022-06,25.0,Perfect
ALTA FLORESTA,2022-07,25.0,Perfect
ALTA FLORESTA,2022-08,25.0,Perfect
ALTA FLORESTA,2022-09,25.0,Perfect
ALTA FLORESTA,2022-10,25.0,Perfect
ALTA FLORESTA,2022-11,26.0,Perfect
ALTA FLORESTA,2022-12,25.0,Perfect
ALTA FLORESTA,2023-01,24.0,Regular
ALTA FLORESTA,2023-02,25.0,Perfect
ALTA FLORESTA,2023-03,25.0,Perfect
ALTA FLORESTA,2023-04,25.0,Perfect
ALTA FLORESTA,2023-05,26.0,Perfect
ALTA FLORESTA,2023-06,24.0,Regular
ALTA FLORESTA,2023-07,25.0,Perfect
ALTA FLORESTA,2023-08,25.0,Perfect
ALTA FLORESTA,2023-09,25.0,Perfect
ALTA FLORESTA,2023-10,25.0,Perfect
ALTA FLORESTA,2023-11,26.0,Perfect
ALTA FLORESTA,2023-12,27.0,Perfect
ALTO ARAGUAIA,2019-01,24.0,Regular
ALTO ARAGUAIA,2019-02,23.0,Regular
ALTO ARAGUAIA,2019-03,24.0,Regular
ALTO ARAGUAIA,2019-04,23.0,Regular
ALTO ARAGUAIA,2019-05,22.0,Regular
ALTO ARAGUAIA,2019-06,21.0,Regular
ALTO ARAGUAIA,2019-07,21.0,Regular
ALTO ARAGUAIA,2019-08,24.0,Regular
ALTO ARAGUAIA,2019-09,29.0,Perfect
ALTO ARAGUAIA,2019-10,24.0,Regular
ALTO ARAGUAIA,2019-11,24.0,Regular
ALTO ARAGUAIA,2019-12,24.0,Regular
ALTO ARAGUAIA,2020-01,24.0,Regular
ALTO ARAGUAIA,2020-02,24.0,Regular
ALTO ARAGUAIA,2020-03,24.0,Regular
ALTO ARAGUAIA,2020-04,23.0,Regular
ALTO ARAGUAIA,2020-05,20.0,Regular
ALTO ARAGUAIA,2020-06,22.0,Regular
ALTO ARAGUAIA,2020-07,22.0,Regular
ALTO ARAGUAIA,2020-08,24.0,Regular
ALTO ARAGUAIA,2020-09,27.0,Perfect
ALTO ARAGUAIA,2020-10,27.0,Perfect
ALTO ARAGUAIA,2020-11,25.0,Perfect
ALTO ARAGUAIA,2020-12,24.0,Regular
ALTO ARAGUAIA,2021-01,23.0,Regular
ALTO ARAGUAIA,2021-02,24.0,Regular
ALTO ARAGUAIA,2021-03,23.0,Regular
ALTO ARAGUAIA,2021-04,23.0,Regular
ALTO ARAGUAIA,2021-05,22.0,Regular
ALTO ARAGUAIA,2021-06,21.0,Regular
ALTO ARAGUAIA,2021-07,20.0,Regular
ALTO ARAGUAIA,2021-08,24.0,Regular
ALTO ARAGUAIA,2021-09,27.0,Perfect
ALTO ARAGUAIA,2021-10,25.0,Perfect
ALTO ARAGUAIA,2021-11,23.0,Regular
ALTO ARAGUAIA,2021-12,23.0,Regular
ALTO ARAGUAIA,2022-01,23.0,Regular
ALTO ARAGUAIA,2022-02,23.0,Regular
ALTO ARAGUAIA,2022-03,23.0,Regular
ALTO ARAGUAIA,2022-04,26.0,Perfect
ALTO ARAGUAIA,2022-05,20.0,Regular
ALTO ARAGUAIA,2022-06,21.0,Regular
ALTO ARAGUAIA,2022-07,22.0,Regular
ALTO ARAGUAIA,2022-08,22.0,Regular
ALTO ARAGUAIA,2022-09,25.0,Perfect
ALTO ARAGUAIA,2022-10,24.0,Regular
ALTO ARAGUAIA,2022-11,23.0,Regular
ALTO ARAGUAIA,2022-12,24.0,Regular
ALTO ARAGUAIA,2023-01,23.0,Regular
ALTO ARAGUAIA,2023-02,23.0,Regular
ALTO ARAGUAIA,2023-03,24.0,Regular
ALTO ARAGUAIA,2023-04,23.0,Regular
ALTO ARAGUAIA,2023-05,22.0,Regular
ALTO ARAGUAIA,2023-06,20.0,Regular
ALTO ARAGUAIA,2023-07,22.0,Regular
ALTO ARAGUAIA,2023-08,24.0,Regular
ALTO ARAGUAIA,2023-09,26.0,Perfect
ALTO ARAGUAIA,2023-10,27.0,Perfect
ALTO ARAGUAIA,2023-11,26.0,Perfect
ALTO ARAGUAIA,2023-12,26.0,Perfect
ALTO TAQUARI,2019-01,23.0,Regular
ALTO TAQUARI,2019-02,23.0,Regular
ALTO TAQUARI,2019-03,23.0,Regular
ALTO TAQUARI,2019-04,23.0,Regular
ALTO TAQUARI,2019-05,23.0,Regular
ALTO TAQUARI,2019-06,21.0,Regular
ALTO TAQUARI,2019-07,20.0,Regular
ALTO TAQUARI,2019-08,22.0,Regular
ALTO TAQUARI,2019-09,26.0,Perfect
ALTO TAQUARI,2019-10,27.0,Perfect
ALTO TAQUARI,2019-11,23.0,Regular
ALTO TAQUARI,2019-12,23.0,Regular
ALTO TAQUARI,2020-01,24.0,Regular
ALTO TAQUARI,2020-02,23.0,Regular
ALTO TAQUARI,2020-03,24.0,Regular
ALTO TAQUARI,2020-04,23.0,Regular
ALTO TAQUARI,2020-05,19.0,Regular
ALTO TAQUARI,2020-06,21.0,Regular
ALTO TAQUARI,2020-07,21.0,Regular
ALTO TAQUARI,2020-08,22.0,Regular
ALTO TAQUARI,2020-09,26.0,Perfect
ALTO TAQUARI,2020-10,25.0,Perfect
ALTO TAQUARI,2020-11,24.0,Regular
ALTO TAQUARI,2020-12,23.0,Regular
ALTO TAQUARI,2021-01,22.0,Regular
ALTO TAQUARI,2021-02,23.0,Regular
ALTO TAQUARI,2021-03,22.0,Regular
ALTO TAQUARI,2021-04,22.0,Regular
ALTO TAQUARI,2021-05,21.0,Regular
ALTO TAQUARI,2021-06,19.0,Regular
ALTO TAQUARI,2021-07,18.0,Regular
ALTO TAQUARI,2021-08,22.0,Regular
ALTO TAQUARI,2021-09,25.0,Perfect
ALTO TAQUARI,2021-10,24.0,Regular
ALTO TAQUARI,2021-11,23.0,Regular
ALTO TAQUARI,2021-12,23.0,Regular
ALTO TAQUARI,2022-01,23.0,Regular
ALTO TAQUARI,2022-02,26.0,Perfect
ALTO TAQUARI,2022-03,26.0,Perfect
ALTO TAQUARI,2022-04,28.0,Perfect
ALTO TAQUARI,2022-05,24.0,Regular
ALTO TAQUARI,2022-06,24.0,Regular
ALTO TAQUARI,2022-07,26.0,Perfect
ALTO TAQUARI,2022-08,25.0,Perfect
ALTO TAQUARI,2022-09,23.0,Regular
ALTO TAQUARI,2022-10,23.0,Regular
ALTO TAQUARI,2022-11,22.0,Regular
ALTO TAQUARI,2022-12,23.0,Regular
ALTO TAQUARI,2023-01,22.0,Regular
ALTO TAQUARI,2023-02,22.0,Regular
ALTO TAQUARI,2023-03,23.0,Regular
ALTO TAQUARI,2023-04,22.0,Regular
ALTO TAQUARI,2023-05,21.0,Regular
ALTO TAQUARI,2023-06,18.0,Regular
ALTO TAQUARI,2023-07,20.0,Regular
ALTO TAQUARI,2023-08,23.0,Regular
ALTO TAQUARI,2023-09,25.0,Perfect
ALTO TAQUARI,2023-10,26.0,Perfect
ALTO TAQUARI,2023-11,25.0,Perfect
ALTO TAQUARI,2023-12,25.0,Perfect
APIACAS,2019-01,26.0,Perfect
APIACAS,2019-02,26.0,Perfect
APIACAS,2019-03,26.0,Perfect
APIACAS,2019-04,27.0,Perfect
APIACAS,2019-05,28.0,Perfect
APIACAS,2019-06,29.0,Perfect
APIACAS,2019-07,29.0,Perfect
APIACAS,2019-08,30.0,Perfect
APIACAS,2019-09,31.0,Perfect
APIACAS,2019-10,28.0,Perfect
APIACAS,2019-11,27.0,Perfect
APIACAS,2019-12,27.0,Perfect
APIACAS,2020-01,26.0,Perfect
APIACAS,2020-02,26.0,Perfect
APIACAS,2020-03,26.0,Perfect
APIACAS,2020-04,27.0,Perfect
APIACAS,2020-05,28.0,Perfect
APIACAS,2020-06,31.0,Perfect
APIACAS,2020-07,31.0,Perfect
APIACAS,2020-08,32.0,Perfect
APIACAS,2020-09,32.0,Perfect
APIACAS,2020-10,31.0,Perfect
APIACAS,2020-11,29.0,Perfect
APIACAS,2020-12,28.0,Perfect
APIACAS,2022-01,26.0,Perfect
APIACAS,2022-02,26.0,Perfect
APIACAS,2022-03,26.0,Perfect
APIACAS,2022-04,26.0,Perfect
APIACAS,2022-05,26.0,Perfect
APIACAS,2022-06,26.0,Perfect
APIACAS,2022-07,26.0,Perfect
APIACAS,2022-08,26.0,Perfect
APIACAS,2022-09,26.0,Perfect
APIACAS,2022-10,26.0,Perfect
APIACAS,2022-11,26.0,Perfect
APIACAS,2022-12,26.0,Perfect
APIACAS,2023-01,25.0,Perfect
APIACAS,2023-02,26.0,Perfect
APIACAS,2023-03,25.0,Perfect
APIACAS,2023-04,26.0,Perfect
APIACAS,2023-05,27.0,Perfect
APIACAS,2023-06,26.0,Perfect
APIACAS,2023-07,27.0,Perfect
APIACAS,2023-08,28.0,Perfect
APIACAS,2023-09,28.0,Perfect
APIACAS,2023-10,29.0,Perfect
APIACAS,2023-11,28.0,Perfect
APIACAS,2023-12,27.0,Perfect
BRASNORTE (NOVO MUNDO),2019-01,24.0,Regular
BRASNORTE (NOVO MUNDO),2019-02,24.0,Regular
BRASNORTE (NOVO MUNDO),2019-03,25.0,Perfect
BRASNORTE (NOVO MUNDO),2019-04,25.0,Perfect
BRASNORTE (NOVO MUNDO),2019-05,25.0,Perfect
BRASNORTE (NOVO MUNDO),2019-06,25.0,Perfect
BRASNORTE (NOVO MUNDO),2019-07,25.0,Perfect
BRASNORTE (NOVO MUNDO),2019-08,27.0,Perfect
BRASNORTE (NOVO MUNDO),2019-09,29.0,Perfect
BRASNORTE (NOVO MUNDO),2019-10,25.0,Perfect
BRASNORTE (NOVO MUNDO),2019-11,25.0,Perfect
BRASNORTE (NOVO MUNDO),2019-12,25.0,Perfect
BRASNORTE (NOVO MUNDO),2020-01,25.0,Perfect
BRASNORTE (NOVO MUNDO),2020-02,25.0,Perfect
BRASNORTE (NOVO MUNDO),2020-03,25.0,Perfect
BRASNORTE (NOVO MUNDO),2020-04,25.0,Perfect
BRASNORTE (NOVO MUNDO),2020-05,24.0,Regular
BRASNORTE (NOVO MUNDO),2020-06,25.0,Perfect
BRASNORTE (NOVO MUNDO),2020-07,26.0,Perfect
BRASNORTE (NOVO MUNDO),2020-08,26.0,Perfect
BRASNORTE (NOVO MUNDO),2020-09,25.0,Perfect
BRASNORTE (NOVO MUNDO),2020-10,25.0,Perfect
BRASNORTE (NOVO MUNDO),2020-11,25.0,Perfect
BRASNORTE (NOVO MUNDO),2020-12,25.0,Perfect
BRASNORTE (NOVO MUNDO),2022-01,25.0,Perfect
BRASNORTE (NOVO MUNDO),2022-02,25.0,Perfect
BRASNORTE (NOVO MUNDO),2022-03,25.0,Perfect
BRASNORTE (NOVO MUNDO),2022-04,25.0,Perfect
BRASNORTE (NOVO MUNDO),2022-05,25.0,Perfect
BRASNORTE (NOVO MUNDO),2022-06,25.0,Perfect
BRASNORTE (NOVO MUNDO),2022-07,25.0,Perfect
BRASNORTE (NOVO MUNDO),2022-08,25.0,Perfect
BRASNORTE (NOVO MUNDO),2022-09,25.0,Perfect
BRASNORTE (NOVO MUNDO),2022-10,25.0,Perfect
BRASNORTE (NOVO MUNDO),2022-11,25.0,Perfect
BRASNORTE (NOVO MUNDO),2022-12,24.0,Regular
BRASNORTE (NOVO MUNDO),2023-01,24.0,Regular
BRASNORTE (NOVO MUNDO),2023-02,25.0,Perfect
BRASNORTE (NOVO MUNDO),2023-03,24.0,Regular
BRASNORTE (NOVO MUNDO),2023-04,25.0,Perfect
BRASNORTE (NOVO MUNDO),2023-05,25.0,Perfect
BRASNORTE (NOVO MUNDO),2023-06,24.0,Regular
BRASNORTE (NOVO MUNDO),2023-07,26.0,Perfect
BRASNORTE (NOVO MUNDO),2023-08,28.0,Perfect
BRASNORTE (NOVO MUNDO),2023-09,28.0,Perfect
BRASNORTE (NOVO MUNDO),2023-10,28.0,Perfect
BRASNORTE (NOVO MUNDO),2023-11,28.0,Perfect
BRASNORTE (NOVO MUNDO),2023-12,26.0,Perfect
CACERES,2019-01,28.0,Perfect
CACERES,2019-02,28.0,Perfect
CACERES,2019-03,30.0,Perfect
CACERES,2019-04,30.0,Perfect
CACERES,2019-05,29.0,Perfect
CACERES,2019-06,28.0,Perfect
CACERES,2019-07,28.0,Perfect
CACERES,2019-08,25.0,Perfect
CACERES,2019-09,29.0,Perfect
CACERES,2019-10,28.0,Perfect
CACERES,2019-11,28.0,Perfect
CACERES,2019-12,27.0,Perfect
CACERES,2020-01,29.0,Perfect
CACERES,2020-02,27.0,Perfect
CACERES,2020-03,28.0,Perfect
CACERES,2020-04,27.0,Perfect
CACERES,2020-05,23.0,Regular
CACERES,2020-06,24.0,Regular
CACERES,2020-07,24.0,Regular
CACERES,2020-08,26.0,Perfect
CACERES,2020-09,29.0,Perfect
CACERES,2020-10,30.0,Perfect
CACERES,2020-11,29.0,Perfect
CACERES,2020-12,28.0,Perfect
CAMPO NOVO DOS PARECIS,2019-01,24.0,Regular
CAMPO NOVO DOS PARECIS,2019-02,24.0,Regular
CAMPO NOVO DOS PARECIS,2019-03,25.0,Perfect
CAMPO NOVO DOS PARECIS,2019-04,24.0,Regular
CAMPO NOVO DOS PARECIS,2019-05,24.0,Regular
CAMPO NOVO DOS PARECIS,2019-06,24.0,Regular
CAMPO NOVO DOS PARECIS,2019-07,28.0,Perfect
CAMPO NOVO DOS PARECIS,2019-08,29.0,Perfect
CAMPO NOVO DOS PARECIS,2019-09,29.0,Perfect
CAMPO NOVO DOS PARECIS,2019-10,25.0,Perfect
CAMPO NOVO DOS PARECIS,2019-11,25.0,Perfect
CAMPO NOVO DOS PARECIS,2019-12,25.0,Perfect
CAMPO NOVO DOS PARECIS,2020-01,25.0,Perfect
CAMPO NOVO DOS PARECIS,2020-02,25.0,Perfect
CAMPO NOVO DOS PARECIS,2020-03,25.0,Perfect
CAMPO NOVO DOS PARECIS,2020-04,25.0,Perfect
CAMPO NOVO DOS PARECIS,2020-05,22.0,Regular
CAMPO NOVO DOS PARECIS,2020-06,24.0,Regular
CAMPO NOVO DOS PARECIS,2020-07,27.0,Perfect
CAMPO NOVO DOS PARECIS,2020-08,30.0,Perfect
CAMPO NOVO DOS PARECIS,2020-09,33.0,Perfect
CAMPO NOVO DOS PARECIS,2020-10,28.0,Perfect
CAMPO NOVO DOS PARECIS,2020-11,26.0,Perfect
CAMPO NOVO DOS PARECIS,2020-12,25.0,Perfect
CAMPO NOVO DOS PARECIS,2021-01,24.0,Regular
CAMPO NOVO DOS PARECIS,2021-02,25.0,Perfect
CAMPO NOVO DOS PARECIS,2021-03,25.0,Perfect
CAMPO NOVO DOS PARECIS,2021-04,26.0,Perfect
CAMPO NOVO DOS PARECIS,2021-05,25.0,Perfect
CAMPO NOVO DOS PARECIS,2021-06,25.0,Perfect
CAMPO NOVO DOS PARECIS,2021-07,25.0,Perfect
CAMPO NOVO DOS PARECIS,2021-08,25.0,Perfect
CAMPO NOVO DOS PARECIS,2021-09,25.0,Perfect
CAMPO NOVO DOS PARECIS,2021-10,25.0,Perfect
CAMPO NOVO DOS PARECIS,2021-11,25.0,Perfect
CAMPO NOVO DOS PARECIS,2021-12,25.0,Perfect
CAMPO NOVO DOS PARECIS,2022-01,24.0,Regular
CAMPO NOVO DOS PARECIS,2022-02,24.0,Regular
CAMPO NOVO DOS PARECIS,2022-03,24.0,Regular
CAMPO NOVO DOS PARECIS,2022-04,25.0,Perfect
CAMPO NOVO DOS PARECIS,2022-05,23.0,Regular
CAMPO NOVO DOS PARECIS,2022-06,23.0,Regular
CAMPO NOVO DOS PARECIS,2022-07,24.0,Regular
CAMPO NOVO DOS PARECIS,2022-08,24.0,Regular
CAMPO NOVO DOS PARECIS,2022-09,26.0,Perfect
CAMPO NOVO DOS PARECIS,2022-10,25.0,Perfect
CAMPO NOVO DOS PARECIS,2022-11,25.0,Perfect
CAMPO NOVO DOS PARECIS,2022-12,24.0,Regular
CAMPO NOVO DOS PARECIS,2023-01,24.0,Regular
CAMPO NOVO DOS PARECIS,2023-02,24.0,Regular
CAMPO NOVO DOS PARECIS,2023-03,24.0,Regular
CAMPO NOVO DOS PARECIS,2023-04,24.0,Regular
CAMPO NOVO DOS PARECIS,2023-05,24.0,Regular
CAMPO NOVO DOS PARECIS,2023-06,24.0,Regular
CAMPO NOVO DOS PARECIS,2023-07,24.0,Regular
CAMPO NOVO DOS PARECIS,2023-08,24.0,Regular
CAMPO NOVO DOS PARECIS,2023-09,24.0,Regular
CAMPO NOVO DOS PARECIS,2023-10,24.0,Regular
CAMPO NOVO DOS PARECIS,2023-11,24.0,Regular
CAMPO NOVO DOS PARECIS,2023-12,25.0,Perfect
CAMPO VERDE,2019-01,24.0,Regular
CAMPO VERDE,2019-02,24.0,Regular
CAMPO VERDE,2019-03,24.0,Regular
CAMPO VERDE,2019-04,23.0,Regular
CAMPO VERDE,2019-05,23.0,Regular
CAMPO VERDE,2019-06,23.0,Regular
CAMPO VERDE,2019-07,22.0,Regular
CAMPO VERDE,2019-08,24.0,Regular
CAMPO VERDE,2019-09,27.0,Perfect
CAMPO VERDE,2019-10,24.0,Regular
CAMPO VERDE,2019-11,24.0,Regular
CAMPO VERDE,2019-12,24.0,Regular
CAMPO VERDE,2020-01,24.0,Regular
CAMPO VERDE,2020-02,24.0,Regular
CAMPO VERDE,2020-03,24.0,Regular
CAMPO VERDE,2020-04,24.0,Regular
CAMPO VERDE,2020-05,21.0,Regular
CAMPO VERDE,2020-06,23.0,Regular
CAMPO VERDE,2020-07,23.0,Regular
CAMPO VERDE,2020-08,25.0,Perfect
CAMPO VERDE,2020-09,26.0,Perfect
CAMPO VERDE,2020-10,24.0,Regular
CAMPO VERDE,2020-11,25.0,Perfect
CAMPO VERDE,2020-12,24.0,Regular
CAMPO VERDE,2021-01,24.0,Regular
CAMPO VERDE,2021-02,24.0,Regular
CAMPO VERDE,2021-03,23.0,Regular
CAMPO VERDE,2021-04,23.0,Regular
CAMPO VERDE,2021-05,22.0,Regular
CAMPO VERDE,2021-06,22.0,Regular
CAMPO VERDE,2021-07,22.0,Regular
CAMPO VERDE,2021-08,23.0,Regular
CAMPO VERDE,2021-09,25.0,Perfect
CAMPO VERDE,2021-10,24.0,Regular
CAMPO VERDE,2021-11,24.0,Regular
CAMPO VERDE,2021-12,24.0,Regular
CAMPO VERDE,2022-01,24.0,Regular
CAMPO VERDE,2022-02,23.0,Regular
CAMPO VERDE,2022-03,23.0,Regular
CAMPO VERDE,2022-04,24.0,Regular
CAMPO VERDE,2022-05,23.0,Regular
CAMPO VERDE,2022-06,24.0,Regular
CAMPO VERDE,2022-07,28.0,Perfect
CAMPO VERDE,2022-08,24.0,Regular
CAMPO VERDE,2022-09,24.0,Regular
CAMPO VERDE,2022-10,27.0,Perfect
CAMPO VERDE,2022-11,24.0,Regular
CAMPO VERDE,2022-12,23.0,Regular
CAMPO VERDE,2023-01,23.0,Regular
CAMPO VERDE,2023-02,23.0,Regular
CAMPO VERDE,2023-03,23.0,Regular
CAMPO VERDE,2023-04,23.0,Regular
CAMPO VERDE,2023-05,23.0,Regular
CAMPO VERDE,2023-06,21.0,Regular
CAMPO VERDE,2023-07,24.0,Regular
CAMPO VERDE,2023-08,26.0,Perfect
CAMPO VERDE,2023-09,27.0,Perfect
CAMPO VERDE,2023-10,27.0,Perfect
CAMPO VERDE,2023-11,27.0,Perfect
CAMPO VERDE,2023-12,26.0,Perfect
CARLINDA,2019-01,24.0,Regular
CARLINDA,2019-02,24.0,Regular
CARLINDA,2019-03,24.0,Regular
CARLINDA,2019-04,25.0,Perfect
CARLINDA,2019-05,25.0,Perfect
CARLINDA,2019-06,25.0,Perfect
CARLINDA,2019-07,26.0,Perfect
CARLINDA,2019-08,27.0,Perfect
CARLINDA,2019-09,28.0,Perfect
CARLINDA,2019-10,25.0,Perfect
CARLINDA,2019-11,25.0,Perfect
CARLINDA,2019-12,25.0,Perfect
CARLINDA,2020-01,25.0,Perfect
CARLINDA,2020-02,24.0,Regular
CARLINDA,2020-03,25.0,Perfect
CARLINDA,2020-04,25.0,Perfect
CARLINDA,2020-05,25.0,Perfect
CARLINDA,2020-06,25.0,Perfect
CARLINDA,2020-07,26.0,Perfect
CARLINDA,2020-08,27.0,Perfect
CARLINDA,2020-09,27.0,Perfect
CARLINDA,2020-10,26.0,Perfect
CARLINDA,2020-11,27.0,Perfect
CARLINDA,2020-12,27.0,Perfect
CARLINDA,2022-01,25.0,Perfect
CARLINDA,2022-02,25.0,Perfect
CARLINDA,2022-03,25.0,Perfect
CARLINDA,2022-04,25.0,Perfect
CARLINDA,2022-05,25.0,Perfect
CARLINDA,2022-06,25.0,Perfect
CARLINDA,2022-07,25.0,Perfect
CARLINDA,2022-08,25.0,Perfect
CARLINDA,2022-09,25.0,Perfect
CARLINDA,2022-10,25.0,Perfect
CARLINDA,2022-11,25.0,Perfect
CARLINDA,2022-12,24.0,Regular
CARLINDA,2023-01,24.0,Regular
CARLINDA,2023-02,24.0,Regular
CARLINDA,2023-03,25.0,Perfect
CARLINDA,2023-04,25.0,Perfect
CARLINDA,2023-05,25.0,Perfect
CARLINDA,2023-06,25.0,Perfect
CARLINDA,2023-07,25.0,Perfect
CARLINDA,2023-08,25.0,Perfect
CARLINDA,2023-09,25.0,Perfect
CARLINDA,2023-10,25.0,Perfect
CARLINDA,2023-11,25.0,Perfect
CARLINDA,2023-12,26.0,Perfect
COMODORO,2019-01,23.0,Regular
COMODORO,2019-02,23.0,Regular
COMODORO,2019-03,24.0,Regular
COMODORO,2019-04,23.0,Regular
COMODORO,2019-05,22.0,Regular
COMODORO,2019-06,22.0,Regular
COMODORO,2019-07,21.0,Regular
COMODORO,2019-08,23.0,Regular
COMODORO,2019-09,23.0,Regular
COMODORO,2019-10,23.0,Regular
COMODORO,2019-11,24.0,Regular
COMODORO,2019-12,23.0,Regular
COMODORO,2020-01,24.0,Regular
COMODORO,2020-02,24.0,Regular
COMODORO,2020-03,24.0,Regular
COMODORO,2020-04,23.0,Regular
COMODORO,2020-05,21.0,Regular
COMODORO,2020-06,22.0,Regular
COMODORO,2020-07,22.0,Regular
COMODORO,2020-08,25.0,Perfect
COMODORO,2020-09,29.0,Perfect
COMODORO,2020-10,27.0,Perfect
COMODORO,2020-11,25.0,Perfect
COMODORO,2020-12,24.0,Regular
COMODORO,2022-01,26.0,Perfect
COMODORO,2022-02,26.0,Perfect
COMODORO,2022-03,25.0,Perfect
COMODORO,2022-04,27.0,Perfect
COMODORO,2022-05,21.0,Regular
COMODORO,2022-06,21.0,Regular
COMODORO,2022-07,21.0,Regular
COMODORO,2022-08,22.0,Regular
COMODORO,2022-09,24.0,Regular
COMODORO,2022-10,23.0,Regular
COMODORO,2022-11,22.0,Regular
COMODORO,2022-12,23.0,Regular
COMODORO,2023-01,23.0,Regular
COMODORO,2023-02,23.0,Regular
COMODORO,2023-03,23.0,Regular
COMODORO,2023-04,23.0,Regular
COMODORO,2023-05,22.0,Regular
COMODORO,2023-06,20.0,Regular
COMODORO,2023-07,21.0,Regular
COMODORO,2023-08,23.0,Regular
COMODORO,2023-09,24.0,Regular
COMODORO,2023-10,25.0,Perfect
COMODORO,2023-11,25.0,Perfect
COMODORO,2023-12,24.0,Regular
COTRIGUACU,2019-01,26.0,Perfect
COTRIGUACU,2019-02,25.0,Perfect
COTRIGUACU,2019-03,26.0,Perfect
COTRIGUACU,2019-04,26.0,Perfect
COTRIGUACU,2019-05,26.0,Perfect
COTRIGUACU,2019-06,26.0,Perfect
COTRIGUACU,2019-07,26.0,Perfect
COTRIGUACU,2019-08,26.0,Perfect
COTRIGUACU,2019-09,27.0,Perfect
COTRIGUACU,2019-10,25.0,Perfect
COTRIGUACU,2019-11,25.0,Perfect
COTRIGUACU,2019-12,26.0,Perfect
COTRIGUACU,2020-01,26.0,Perfect
COTRIGUACU,2020-02,26.0,Perfect
COTRIGUACU,2020-03,28.0,Perfect
COTRIGUACU,2020-04,28.0,Perfect
COTRIGUACU,2020-05,27.0,Perfect
COTRIGUACU,2020-06,27.0,Perfect
COTRIGUACU,2020-07,27.0,Perfect
COTRIGUACU,2020-08,27.0,Perfect
COTRIGUACU,2020-09,27.0,Perfect
COTRIGUACU,2020-10,27.0,Perfect
COTRIGUACU,2020-11,27.0,Perfect
COTRIGUACU,2020-12,27.0,Perfect
COTRIGUACU,2022-01,25.0,Perfect
COTRIGUACU,2022-02,25.0,Perfect
COTRIGUACU,2022-03,25.0,Perfect
COTRIGUACU,2022-04,25.0,Perfect
COTRIGUACU,2022-05,25.0,Perfect
COTRIGUACU,2022-06,25.0,Perfect
COTRIGUACU,2022-07,25.0,Perfect
COTRIGUACU,2022-08,25.0,Perfect
COTRIGUACU,2022-09,25.0,Perfect
COTRIGUACU,2022-10,25.0,Perfect
COTRIGUACU,2022-11,25.0,Perfect
COTRIGUACU,2022-12,25.0,Perfect
COTRIGUACU,2023-01,24.0,Regular
COTRIGUACU,2023-02,25.0,Perfect
COTRIGUACU,2023-03,25.0,Perfect
COTRIGUACU,2023-04,25.0,Perfect
COTRIGUACU,2023-05,26.0,Perfect
COTRIGUACU,2023-06,25.0,Perfect
COTRIGUACU,2023-07,25.0,Perfect
COTRIGUACU,2023-08,27.0,Perfect
COTRIGUACU,2023-09,27.0,Perfect
COTRIGUACU,2023-10,28.0,Perfect
COTRIGUACU,2023-11,27.0,Perfect
COTRIGUACU,2023-12,26.0,Perfect
CUIABA,2019-01,26.0,Perfect
CUIABA,2019-02,27.0,Perfect
CUIABA,2019-03,27.0,Perfect
CUIABA,2019-04,26.0,Perfect
CUIABA,2019-05,25.0,Perfect
CUIABA,2019-06,26.0,Perfect
CUIABA,2019-07,26.0,Perfect
CUIABA,2019-08,27.0,Perfect
CUIABA,2019-09,29.0,Perfect
CUIABA,2019-10,29.0,Perfect
CUIABA,2019-11,29.0,Perfect
CUIABA,2019-12,28.0,Perfect
CUIABA,2020-01,29.0,Perfect
CUIABA,2020-02,28.0,Perfect
CUIABA,2020-03,29.0,Perfect
CUIABA,2020-04,28.0,Perfect
CUIABA,2020-05,25.0,Perfect
CUIABA,2020-06,26.0,Perfect
CUIABA,2020-07,27.0,Perfect
CUIABA,2020-08,29.0,Perfect
CUIABA,2020-09,32.0,Perfect
CUIABA,2020-10,31.0,Perfect
CUIABA,2020-11,30.0,Perfect
CUIABA,2020-12,29.0,Perfect
CUIABA,2021-01,28.0,Perfect
CUIABA,2021-02,28.0,Perfect
CUIABA,2021-03,27.0,Perfect
CUIABA,2021-04,27.0,Perfect
CUIABA,2021-05,26.0,Perfect
CUIABA,2021-06,26.0,Perfect
CUIABA,2021-07,25.0,Perfect
CUIABA,2021-08,29.0,Perfect
CUIABA,2021-09,32.0,Perfect
CUIABA,2021-10,30.0,Perfect
CUIABA,2021-11,28.0,Perfect
CUIABA,2021-12,28.0,Perfect
CUIABA,2022-01,28.0,Perfect
CUIABA,2022-02,28.0,Perfect
CUIABA,2022-03,29.0,Perfect
CUIABA,2022-04,30.0,Perfect
CUIABA,2022-05,25.0,Perfect
CUIABA,2022-06,24.0,Regular
CUIABA,2022-07,27.0,Perfect
CUIABA,2022-08,27.0,Perfect
CUIABA,2022-09,29.0,Perfect
CUIABA,2022-10,29.0,Perfect
CUIABA,2022-11,28.0,Perfect
CUIABA,2022-12,28.0,Perfect
CUIABA,2023-01,27.0,Perfect
CUIABA,2023-02,28.0,Perfect
CUIABA,2023-03,28.0,Perfect
CUIABA,2023-04,27.0,Perfect
CUIABA,2023-05,27.0,Perfect
CUIABA,2023-06,24.0,Regular
CUIABA,2023-07,27.0,Perfect
CUIABA,2023-08,30.0,Perfect
CUIABA,2023-09,32.0,Perfect
CUIABA,2023-10,32.0,Perfect
CUIABA,2023-11,32.0,Perfect
CUIABA,2023-12,31.0,Perfect
GAUCHA DO NORTE,2019-01,27.0,Perfect
GAUCHA DO NORTE,2019-02,26.0,Perfect
GAUCHA DO NORTE,2019-03,26.0,Perfect
GAUCHA DO NORTE,2019-04,26.0,Perfect
GAUCHA DO NORTE,2019-05,27.0,Perfect
GAUCHA DO NORTE,2019-06,26.0,Perfect
GAUCHA DO NORTE,2019-07,25.0,Perfect
GAUCHA DO NORTE,2019-08,27.0,Perfect
GAUCHA DO NORTE,2019-09,29.0,Perfect
GAUCHA DO NORTE,2019-10,27.0,Perfect
GAUCHA DO NORTE,2019-11,26.0,Perfect
GAUCHA DO NORTE,2019-12,27.0,Perfect
GAUCHA DO NORTE,2020-01,26.0,Perfect
GAUCHA DO NORTE,2020-02,26.0,Perfect
GAUCHA DO NORTE,2020-03,26.0,Perfect
GAUCHA DO NORTE,2020-04,26.0,Perfect
GAUCHA DO NORTE,2020-05,27.0,Perfect
GAUCHA DO NORTE,2020-06,30.0,Perfect
GAUCHA DO NORTE,2020-07,32.0,Perfect
GAUCHA DO NORTE,2020-08,33.0,Perfect
GAUCHA DO NORTE,2020-09,35.0,Regular
GAUCHA DO NORTE,2020-10,32.0,Perfect
GAUCHA DO NORTE,2020-11,30.0,Perfect
GAUCHA DO NORTE,2020-12,30.0,Perfect
GAUCHA DO NORTE,2022-01,26.0,Perfect
GAUCHA DO NORTE,2022-02,26.0,Perfect
GAUCHA DO NORTE,2022-03,26.0,Perfect
GAUCHA DO NORTE,2022-04,27.0,Perfect
GAUCHA DO NORTE,2022-05,25.0,Perfect
GAUCHA DO NORTE,2022-06,26.0,Perfect
GAUCHA DO NORTE,2022-07,26.0,Perfect
GAUCHA DO NORTE,2022-08,27.0,Perfect
GAUCHA DO NORTE,2022-09,29.0,Perfect
GAUCHA DO NORTE,2022-10,28.0,Perfect
GAUCHA DO NORTE,2022-11,26.0,Perfect
GAUCHA DO NORTE,2022-12,25.0,Perfect
GAUCHA DO NORTE,2023-01,25.0,Perfect
GAUCHA DO NORTE,2023-02,26.0,Perfect
GAUCHA DO NORTE,2023-03,25.0,Perfect
GAUCHA DO NORTE,2023-04,26.0,Perfect
GAUCHA DO NORTE,2023-05,26.0,Perfect
GAUCHA DO NORTE,2023-06,26.0,Perfect
GAUCHA DO NORTE,2023-07,26.0,Perfect
GAUCHA DO NORTE,2023-08,28.0,Perfect
GAUCHA DO NORTE,2023-09,30.0,Perfect
GAUCHA DO NORTE,2023-10,29.0,Perfect
GAUCHA DO NORTE,2023-11,29.0,Perfect
GAUCHA DO NORTE,2023-12,28.0,Perfect
GUARANTA DO NORTE,2019-01,26.0,Perfect
GUARANTA DO NORTE,2019-02,25.0,Perfect
GUARANTA DO NORTE,2019-03,26.0,Perfect
GUARANTA DO NORTE,2019-04,26.0,Perfect
GUARANTA DO NORTE,2019-05,26.0,Perfect
GUARANTA DO NORTE,2019-06,25.0,Perfect
GUARANTA DO NORTE,2019-07,25.0,Perfect
GUARANTA DO NORTE,2019-08,26.0,Perfect
GUARANTA DO NORTE,2019-09,28.0,Perfect
GUARANTA DO NORTE,2019-10,26.0,Perfect
GUARANTA DO NORTE,2019-11,26.0,Perfect
GUARANTA DO NORTE,2019-12,26.0,Perfect
GUARANTA DO NORTE,2020-01,26.0,Perfect
GUARANTA DO NORTE,2020-02,25.0,Perfect
GUARANTA DO NORTE,2020-03,26.0,Perfect
GUARANTA DO NORTE,2020-04,26.0,Perfect
GUARANTA DO NORTE,2020-05,26.0,Perfect
GUARANTA DO NORTE,2020-06,27.0,Perfect
GUARANTA DO NORTE,2020-07,29.0,Perfect
GUARANTA DO NORTE,2020-08,31.0,Perfect
GUARANTA DO NORTE,2020-09,32.0,Perfect
GUARANTA DO NORTE,2020-10,30.0,Perfect
GUARANTA DO NORTE,2020-11,29.0,Perfect
GUARANTA DO NORTE,2020-12,28.0,Perfect
GUARANTA DO NORTE,2022-01,26.0,Perfect
GUARANTA DO NORTE,2022-02,26.0,Perfect
GUARANTA DO NORTE,2022-03,26.0,Perfect
GUARANTA DO NORTE,2022-04,26.0,Perfect
GUARANTA DO NORTE,2022-05,26.0,Perfect
GUARANTA DO NORTE,2022-06,26.0,Perfect
GUARANTA DO NORTE,2022-07,26.0,Perfect
GUARANTA DO NORTE,2022-08,26.0,Perfect
GUARANTA DO NORTE,2022-09,26.0,Perfect
GUARANTA DO NORTE,2022-10,26.0,Perfect
GUARANTA DO NORTE,2022-11,26.0,Perfect
GUARANTA DO NORTE,2022-12,25.0,Perfect
GUARANTA DO NORTE,2023-01,25.0,Perfect
GUARANTA DO NORTE,2023-02,26.0,Perfect
GUARANTA DO NORTE,2023-03,25.0,Perfect
GUARANTA DO NORTE,2023-04,26.0,Perfect
GUARANTA DO NORTE,2023-05,27.0,Perfect
GUARANTA DO NORTE,2023-06,26.0,Perfect
GUARANTA DO NORTE,2023-07,26.0,Perfect
GUARANTA DO NORTE,2023-08,27.0,Perfect
GUARANTA DO NORTE,2023-09,28.0,Perfect
GUARANTA DO NORTE,2023-10,28.0,Perfect
GUARANTA DO NORTE,2023-11,28.0,Perfect
GUARANTA DO NORTE,2023-12,26.0,Perfect
GUIRATINGA,2019-01,27.0,Perfect
GUIRATINGA,2019-02,26.0,Perfect
GUIRATINGA,2019-03,26.0,Perfect
GUIRATINGA,2019-04,26.0,Perfect
GUIRATINGA,2019-05,25.0,Perfect
GUIRATINGA,2019-06,24.0,Regular
GUIRATINGA,2019-07,23.0,Regular
GUIRATINGA,2019-08,27.0,Perfect
GUIRATINGA,2019-09,30.0,Perfect
GUIRATINGA,2019-10,28.0,Perfect
GUIRATINGA,2019-11,27.0,Perfect
GUIRATINGA,2019-12,26.0,Perfect
GUIRATINGA,2020-01,27.0,Perfect
GUIRATINGA,2020-02,26.0,Perfect
GUIRATINGA,2020-03,27.0,Perfect
GUIRATINGA,2020-04,27.0,Perfect
GUIRATINGA,2020-05,23.0,Regular
GUIRATINGA,2020-06,25.0,Perfect
GUIRATINGA,2020-07,26.0,Perfect
GUIRATINGA,2020-08,27.0,Perfect
GUIRATINGA,2020-09,30.0,Perfect
GUIRATINGA,2020-10,29.0,Perfect
GUIRATINGA,2020-11,28.0,Perfect
GUIRATINGA,2020-12,27.0,Perfect
GUIRATINGA,2021-01,26.0,Perfect
GUIRATINGA,2021-02,26.0,Perfect
GUIRATINGA,2021-03,25.0,Perfect
GUIRATINGA,2021-04,26.0,Perfect
GUIRATINGA,2021-05,24.0,Regular
GUIRATINGA,2021-06,26.0,Perfect
GUIRATINGA,2021-07,26.0,Perfect
GUIRATINGA,2021-08,26.0,Perfect
GUIRATINGA,2021-09,26.0,Perfect
GUIRATINGA,2021-10,26.0,Perfect
GUIRATINGA,2021-11,26.0,Perfect
GUIRATINGA,2021-12,26.0,Perfect
GUIRATINGA,2022-01,26.0,Perfect
GUIRATINGA,2022-02,26.0,Perfect
GUIRATINGA,2022-03,26.0,Perfect
GUIRATINGA,2022-04,26.0,Perfect
GUIRATINGA,2022-05,23.0,Regular
GUIRATINGA,2022-06,24.0,Regular
GUIRATINGA,2022-07,25.0,Perfect
GUIRATINGA,2022-08,26.0,Perfect
GUIRATINGA,2022-09,28.0,Perfect
GUIRATINGA,2022-10,27.0,Perfect
GUIRATINGA,2022-11,26.0,Perfect
GUIRATINGA,2022-12,26.0,Perfect
GUIRATINGA,2023-01,25.0,Perfect
GUIRATINGA,2023-02,25.0,Perfect
GUIRATINGA,2023-03,26.0,Perfect
GUIRATINGA,2023-04,26.0,Perfect
GUIRATINGA,2023-05,25.0,Perfect
GUIRATINGA,2023-06,22.0,Regular
GUIRATINGA,2023-07,25.0,Perfect
GUIRATINGA,2023-08,27.0,Perfect
GUIRATINGA,2023-09,29.0,Perfect
GUIRATINGA,2023-10,29.0,Perfect
GUIRATINGA,2023-11,29.0,Perfect
GUIRATINGA,2023-12,28.0,Perfect
ITIQUIRA,2019-01,25.0,Perfect
ITIQUIRA,2019-02,25.0,Perfect
ITIQUIRA,2019-03,25.0,Perfect
ITIQUIRA,2019-04,24.0,Regular
ITIQUIRA,2019-05,23.0,Regular
ITIQUIRA,2019-06,24.0,Regular
ITIQUIRA,2019-07,22.0,Regular
ITIQUIRA,2019-08,25.0,Perfect
ITIQUIRA,2019-09,28.0,Perfect
ITIQUIRA,2019-10,26.0,Perfect
ITIQUIRA,2019-11,25.0,Perfect
ITIQUIRA,2019-12,25.0,Perfect
ITIQUIRA,2022-01,24.0,Regular
ITIQUIRA,2022-02,24.0,Regular
ITIQUIRA,2022-03,24.0,Regular
ITIQUIRA,2022-04,25.0,Perfect
ITIQUIRA,2022-05,22.0,Regular
ITIQUIRA,2022-06,22.0,Regular
ITIQUIRA,2022-07,24.0,Regular
ITIQUIRA,2022-08,24.0,Regular
ITIQUIRA,2022-09,26.0,Perfect
ITIQUIRA,2022-10,25.0,Perfect
ITIQUIRA,2022-11,24.0,Regular
ITIQUIRA,2022-12,24.0,Regular
ITIQUIRA,2023-01,24.0,Regular
ITIQUIRA,2023-02,24.0,Regular
ITIQUIRA,2023-03,24.0,Regular
ITIQUIRA,2023-04,24.0,Regular
ITIQUIRA,2023-05,23.0,Regular
ITIQUIRA,2023-06,21.0,Regular
ITIQUIRA,2023-07,23.0,Regular
ITIQUIRA,2023-08,25.0,Perfect
ITIQUIRA,2023-09,25.0,Perfect
ITIQUIRA,2023-10,24.0,Regular
ITIQUIRA,2023-11,24.0,Regular
ITIQUIRA,2023-12,24.0,Regular
JUARA,2019-01,26.0,Perfect
JUARA,2019-02,26.0,Perfect
JUARA,2019-03,26.0,Perfect
JUARA,2019-04,26.0,Perfect
JUARA,2019-05,26.0,Perfect
JUARA,2019-06,26.0,Perfect
JUARA,2019-07,25.0,Perfect
JUARA,2019-08,26.0,Perfect
JUARA,2019-09,29.0,Perfect
JUARA,2019-10,26.0,Perfect
JUARA,2019-11,26.0,Perfect
JUARA,2019-12,26.0,Perfect
JUARA,2020-01,26.0,Perfect
JUARA,2020-02,26.0,Perfect
JUARA,2020-03,26.0,Perfect
JUARA,2020-04,26.0,Perfect
JUARA,2020-05,25.0,Perfect
JUARA,2020-06,26.0,Perfect
JUARA,2020-07,26.0,Perfect
JUARA,2020-08,27.0,Perfect
JUARA,2020-09,30.0,Perfect
JUARA,2020-10,26.0,Perfect
JUARA,2020-11,26.0,Perfect
JUARA,2020-12,26.0,Perfect
JUARA,2022-01,26.0,Perfect
JUARA,2022-02,26.0,Perfect
JUARA,2022-03,26.0,Perfect
JUARA,2022-04,26.0,Perfect
JUARA,2022-05,26.0,Perfect
JUARA,2022-06,26.0,Perfect
JUARA,2022-07,26.0,Perfect
JUARA,2022-08,26.0,Perfect
JUARA,2022-09,26.0,Perfect
JUARA,2022-10,26.0,Perfect
JUARA,2022-11,26.0,Perfect
JUARA,2022-12,25.0,Perfect
JUARA,2023-01,25.0,Perfect
JUARA,2023-02,26.0,Perfect
JUARA,2023-03,25.0,Perfect
JUARA,2023-04,26.0,Perfect
JUARA,2023-05,26.0,Perfect
JUARA,2023-06,25.0,Perfect
JUARA,2023-07,26.0,Perfect
JUARA,2023-08,27.0,Perfect
JUARA,2023-09,28.0,Perfect
JUARA,2023-10,28.0,Perfect
JUARA,2023-11,28.0,Perfect
JUARA,2023-12,26.0,Perfect
JUINA,2019-01,25.0,Perfect
JUINA,2019-02,25.0,Perfect
JUINA,2019-03,25.0,Perfect
JUINA,2019-04,25.0,Perfect
JUINA,2019-05,25.0,Perfect
JUINA,2019-06,24.0,Regular
JUINA,2019-07,24.0,Regular
JUINA,2019-08,26.0,Perfect
JUINA,2019-09,28.0,Perfect
JUINA,2019-10,25.0,Perfect
JUINA,2019-11,25.0,Perfect
JUINA,2019-12,25.0,Perfect
JUINA,2020-01,25.0,Perfect
JUINA,2020-02,25.0,Perfect
JUINA,2020-03,25.0,Perfect
JUINA,2020-04,25.0,Perfect
JUINA,2020-05,24.0,Regular
JUINA,2020-06,25.0,Perfect
JUINA,2020-07,25.0,Perfect
JUINA,2020-08,26.0,Perfect
JUINA,2020-09,27.0,Perfect
JUINA,2020-10,26.0,Perfect
JUINA,2020-11,26.0,Perfect
JUINA,2020-12,25.0,Perfect
JUINA,2021-01,25.0,Perfect
JUINA,2021-02,25.0,Perfect
JUINA,2021-03,24.0,Regular
JUINA,2021-04,25.0,Perfect
JUINA,2021-05,24.0,Regular
JUINA,2021-06,24.0,Regular
JUINA,2021-07,23.0,Regular
JUINA,2021-08,26.0,Perfect
JUINA,2021-09,26.0,Perfect
JUINA,2021-10,26.0,Perfect
JUINA,2021-11,26.0,Perfect
JUINA,2021-12,27.0,Perfect
JUINA,2022-01,25.0,Perfect
JUINA,2022-02,25.0,Perfect
JUINA,2022-03,25.0,Perfect
JUINA,2022-04,25.0,Perfect
JUINA,2022-05,25.0,Perfect
JUINA,2022-06,25.0,Perfect
JUINA,2022-07,25.0,Perfect
JUINA,2022-08,25.0,Perfect
JUINA,2022-09,25.0,Perfect
JUINA,2022-10,25.0,Perfect
JUINA,2022-11,25.0,Perfect
JUINA,2022-12,25.0,Perfect
JUINA,2023-01,24.0,Regular
JUINA,2023-02,25.0,Perfect
JUINA,2023-03,24.0,Regular
JUINA,2023-04,25.0,Perfect
JUINA,2023-05,25.0,Perfect
JUINA,2023-06,23.0,Regular
JUINA,2023-07,25.0,Perfect
JUINA,2023-08,27.0,Perfect
JUINA,2023-09,27.0,Perfect
JUINA,2023-10,27.0,Perfect
JUINA,2023-11,27.0,Perfect
JUINA,2023-12,26.0,Perfect
NOVA MARINGA,2019-01,25.0,Perfect
NOVA MARINGA,2019-02,26.0,Perfect
NOVA MARINGA,2019-03,26.0,Perfect
NOVA MARINGA,2019-04,26.0,Perfect
NOVA MARINGA,2019-05,25.0,Perfect
NOVA MARINGA,2019-06,24.0,Regular
NOVA MARINGA,2019-07,23.0,Regular
NOVA MARINGA,2019-08,25.0,Perfect
NOVA MARINGA,2019-09,27.0,Perfect
NOVA MARINGA,2019-10,26.0,Perfect
NOVA MARINGA,2019-11,26.0,Perfect
NOVA MARINGA,2019-12,26.0,Perfect
NOVA MARINGA,2020-01,28.0,Perfect
NOVA MARINGA,2020-02,31.0,Perfect
NOVA MARINGA,2020-03,33.0,Perfect
NOVA MARINGA,2020-04,34.0,Regular
NOVA MARINGA,2020-05,32.0,Perfect
NOVA MARINGA,2020-06,25.0,Perfect
NOVA MARINGA,2020-07,24.0,Regular
NOVA MARINGA,2020-08,25.0,Perfect
NOVA MARINGA,2020-09,31.0,Perfect
NOVA MARINGA,2020-10,29.0,Perfect
NOVA MARINGA,2020-11,32.0,Perfect
NOVA MARINGA,2020-12,29.0,Perfect
NOVA MARINGA,2022-01,25.0,Perfect
NOVA MARINGA,2022-02,25.0,Perfect
NOVA MARINGA,2022-03,25.0,Perfect
NOVA MARINGA,2022-04,25.0,Perfect
NOVA MARINGA,2022-05,25.0,Perfect
NOVA MARINGA,2022-06,25.0,Perfect
NOVA MARINGA,2022-07,24.0,Regular
NOVA MARINGA,2022-08,24.0,Regular
NOVA MARINGA,2022-09,27.0,Perfect
NOVA MARINGA,2022-10,25.0,Perfect
NOVA MARINGA,2022-11,25.0,Perfect
NOVA MARINGA,2022-12,25.0,Perfect
NOVA MARINGA,2023-01,26.0,Perfect
NOVA MARINGA,2023-02,26.0,Perfect
NOVA MARINGA,2023-03,26.0,Perfect
NOVA MARINGA,2023-04,26.0,Perfect
NOVA MARINGA,2023-05,26.0,Perfect
NOVA MARINGA,2023-06,23.0,Regular
NOVA MARINGA,2023-07,24.0,Regular
NOVA MARINGA,2023-08,27.0,Perfect
NOVA MARINGA,2023-09,28.0,Perfect
NOVA MARINGA,2023-10,28.0,Perfect
NOVA MARINGA,2023-11,28.0,Perfect
NOVA MARINGA,2023-12,27.0,Perfect
NOVA UBIRATA,2019-01,25.0,Perfect
NOVA UBIRATA,2019-02,25.0,Perfect
NOVA UBIRATA,2019-03,25.0,Perfect
NOVA UBIRATA,2019-04,25.0,Perfect
NOVA UBIRATA,2019-05,25.0,Perfect
NOVA UBIRATA,2019-06,24.0,Regular
NOVA UBIRATA,2019-07,24.0,Regular
NOVA UBIRATA,2019-08,26.0,Perfect
NOVA UBIRATA,2019-09,28.0,Perfect
NOVA UBIRATA,2019-10,26.0,Perfect
NOVA UBIRATA,2019-11,25.0,Perfect
NOVA UBIRATA,2019-12,25.0,Perfect
NOVA UBIRATA,2020-01,25.0,Perfect
NOVA UBIRATA,2020-02,25.0,Perfect
NOVA UBIRATA,2020-03,25.0,Perfect
NOVA UBIRATA,2020-04,25.0,Perfect
NOVA UBIRATA,2020-05,23.0,Regular
NOVA UBIRATA,2020-06,24.0,Regular
NOVA UBIRATA,2020-07,24.0,Regular
NOVA UBIRATA,2020-08,26.0,Perfect
NOVA UBIRATA,2020-09,30.0,Perfect
NOVA UBIRATA,2020-10,32.0,Perfect
NOVA UBIRATA,2020-11,28.0,Perfect
NOVA UBIRATA,2020-12,26.0,Perfect
NOVA UBIRATA,2022-01,25.0,Perfect
NOVA UBIRATA,2022-02,25.0,Perfect
NOVA UBIRATA,2022-03,25.0,Perfect
NOVA UBIRATA,2022-04,25.0,Perfect
NOVA UBIRATA,2022-05,25.0,Perfect
NOVA UBIRATA,2022-06,25.0,Perfect
NOVA UBIRATA,2022-07,25.0,Perfect
NOVA UBIRATA,2022-08,25.0,Perfect
NOVA UBIRATA,2022-09,25.0,Perfect
NOVA UBIRATA,2022-10,25.0,Perfect
NOVA UBIRATA,2022-11,25.0,Perfect
NOVA UBIRATA,2022-12,24.0,Regular
NOVA UBIRATA,2023-01,24.0,Regular
NOVA UBIRATA,2023-02,25.0,Perfect
NOVA UBIRATA,2023-03,24.0,Regular
NOVA UBIRATA,2023-04,25.0,Perfect
NOVA UBIRATA,2023-05,24.0,Regular
NOVA UBIRATA,2023-06,23.0,Regular
NOVA UBIRATA,2023-07,25.0,Perfect
NOVA UBIRATA,2023-08,27.0,Perfect
NOVA UBIRATA,2023-09,28.0,Perfect
NOVA UBIRATA,2023-10,28.0,Perfect
NOVA UBIRATA,2023-11,27.0,Perfect
NOVA UBIRATA,2023-12,26.0,Perfect
PARANATINGA,2019-01,25.0,Perfect
PARANATINGA,2019-02,25.0,Perfect
PARANATINGA,2019-03,25.0,Perfect
PARANATINGA,2019-04,25.0,Perfect
PARANATINGA,2019-05,24.0,Regular
PARANATINGA,2019-06,22.0,Regular
PARANATINGA,2019-07,22.0,Regular
PARANATINGA,2019-08,25.0,Perfect
PARANATINGA,2019-09,28.0,Perfect
PARANATINGA,2019-10,26.0,Perfect
PARANATINGA,2019-11,25.0,Perfect
PARANATINGA,2019-12,25.0,Perfect
PARANATINGA,2020-01,25.0,Perfect
PARANATINGA,2020-02,25.0,Perfect
PARANATINGA,2020-03,25.0,Perfect
PARANATINGA,2020-04,25.0,Perfect
PARANATINGA,2020-05,25.0,Perfect
PARANATINGA,2020-06,25.0,Perfect
PARANATINGA,2020-07,25.0,Perfect
PARANATINGA,2020-08,25.0,Perfect
PARANATINGA,2020-09,25.0,Perfect
PARANATINGA,2020-10,25.0,Perfect
PARANATINGA,2020-11,25.0,Perfect
PARANATINGA,2020-12,25.0,Perfect
PARANATINGA,2023-01,26.0,Perfect
PARANATINGA,2023-02,26.0,Perfect
PARANATINGA,2023-03,26.0,Perfect
PARANATINGA,2023-04,26.0,Perfect
PARANATINGA,2023-05,25.0,Perfect
PARANATINGA,2023-06,22.0,Regular
PARANATINGA,2023-07,23.0,Regular
PARANATINGA,2023-08,26.0,Perfect
PARANATINGA,2023-09,28.0,Perfect
PARANATINGA,2023-10,28.0,Perfect
PARANATINGA,2023-11,27.0,Perfect
PARANATINGA,2023-12,26.0,Perfect
PONTES E LACERDA,2019-01,26.0,Perfect
PONTES E LACERDA,2019-02,26.0,Perfect
PONTES E LACERDA,2019-03,26.0,Perfect
PONTES E LACERDA,2019-04,26.0,Perfect
PONTES E LACERDA,2019-05,25.0,Perfect
PONTES E LACERDA,2019-06,26.0,Perfect
PONTES E LACERDA,2019-07,25.0,Perfect
PONTES E LACERDA,2019-08,25.0,Perfect
PONTES E LACERDA,2019-09,29.0,Perfect
PONTES E LACERDA,2019-10,27.0,Perfect
PONTES E LACERDA,2019-11,27.0,Perfect
PONTES E LACERDA,2019-12,26.0,Perfect
PONTES E LACERDA,2020-01,26.0,Perfect
PONTES E LACERDA,2020-02,25.0,Perfect
PONTES E LACERDA,2020-03,25.0,Perfect
PONTES E LACERDA,2020-04,24.0,Regular
PONTES E LACERDA,2020-05,22.0,Regular
PONTES E LACERDA,2020-06,23.0,Regular
PONTES E LACERDA,2020-07,23.0,Regular
PONTES E LACERDA,2020-08,25.0,Perfect
PONTES E LACERDA,2020-09,27.0,Perfect
PONTES E LACERDA,2020-10,27.0,Perfect
PONTES E LACERDA,2020-11,27.0,Perfect
PONTES E LACERDA,2020-12,26.0,Perfect
PONTES E LACERDA,2022-01,27.0,Perfect
PONTES E LACERDA,2022-02,27.0,Perfect
PONTES E LACERDA,2022-03,26.0,Perfect
PONTES E LACERDA,2022-04,24.0,Regular
PONTES E LACERDA,2022-05,21.0,Regular
PONTES E LACERDA,2022-06,21.0,Regular
PONTES E LACERDA,2022-07,23.0,Regular
PONTES E LACERDA,2022-08,23.0,Regular
PONTES E LACERDA,2022-09,26.0,Perfect
PONTES E LACERDA,2022-10,25.0,Perfect
PONTES E LACERDA,2022-11,24.0,Regular
PONTES E LACERDA,2022-12,25.0,Perfect
PONTES E LACERDA,2023-01,24.0,Regular
PONTES E LACERDA,2023-02,25.0,Perfect
PONTES E LACERDA,2023-03,25.0,Perfect
PONTES E LACERDA,2023-04,24.0,Regular
PONTES E LACERDA,2023-05,23.0,Regular
PONTES E LACERDA,2023-06,21.0,Regular
PONTES E LACERDA,2023-07,22.0,Regular
PONTES E LACERDA,2023-08,25.0,Perfect
PONTES E LACERDA,2023-09,27.0,Perfect
PONTES E LACERDA,2023-10,28.0,Perfect
PONTES E LACERDA,2023-11,28.0,Perfect
PONTES E LACERDA,2023-12,27.0,Perfect
PORTO ESTRELA,2019-01,30.0,Perfect
PORTO ESTRELA,2019-02,29.0,Perfect
PORTO ESTRELA,2019-03,28.0,Perfect
PORTO ESTRELA,2019-04,28.0,Perfect
PORTO ESTRELA,2019-05,26.0,Perfect
PORTO ESTRELA,2019-06,24.0,Regular
PORTO ESTRELA,2019-07,23.0,Regular
PORTO ESTRELA,2019-08,26.0,Perfect
PORTO ESTRELA,2019-09,27.0,Perfect
PORTO ESTRELA,2019-10,27.0,Perfect
PORTO ESTRELA,2019-11,27.0,Perfect
PORTO ESTRELA,2019-12,27.0,Perfect
PORTO ESTRELA,2020-01,28.0,Perfect
PORTO ESTRELA,2020-02,26.0,Perfect
PORTO ESTRELA,2020-03,28.0,Perfect
PORTO ESTRELA,2020-04,26.0,Perfect
PORTO ESTRELA,2020-05,23.0,Regular
PORTO ESTRELA,2020-06,24.0,Regular
PORTO ESTRELA,2020-07,23.0,Regular
PORTO ESTRELA,2020-08,25.0,Perfect
PORTO ESTRELA,2020-09,28.0,Perfect
PORTO ESTRELA,2020-10,29.0,Perfect
PORTO ESTRELA,2020-11,28.0,Perfect
PORTO ESTRELA,2020-12,28.0,Perfect
PORTO ESTRELA,2021-01,26.0,Perfect
PORTO ESTRELA,2021-02,27.0,Perfect
PORTO ESTRELA,2021-03,26.0,Perfect
PORTO ESTRELA,2021-04,26.0,Perfect
PORTO ESTRELA,2021-05,24.0,Regular
PORTO ESTRELA,2021-06,23.0,Regular
PORTO ESTRELA,2021-07,22.0,Regular
PORTO ESTRELA,2021-08,26.0,Perfect
PORTO ESTRELA,2021-09,30.0,Perfect
PORTO ESTRELA,2021-10,29.0,Perfect
PORTO ESTRELA,2021-11,26.0,Perfect
PORTO ESTRELA,2021-12,27.0,Perfect
PORTO ESTRELA,2022-01,27.0,Perfect
PORTO ESTRELA,2022-02,25.0,Perfect
PORTO ESTRELA,2022-03,25.0,Perfect
PORTO ESTRELA,2022-04,25.0,Perfect
PORTO ESTRELA,2022-05,23.0,Regular
PORTO ESTRELA,2022-06,23.0,Regular
PORTO ESTRELA,2022-07,24.0,Regular
PORTO ESTRELA,2022-08,24.0,Regular
PORTO ESTRELA,2022-09,27.0,Perfect
PORTO ESTRELA,2022-10,27.0,Perfect
PORTO ESTRELA,2022-11,26.0,Perfect
PORTO ESTRELA,2022-12,27.0,Perfect
PORTO ESTRELA,2023-01,26.0,Perfect
PORTO ESTRELA,2023-02,27.0,Perfect
PORTO ESTRELA,2023-03,26.0,Perfect
PORTO ESTRELA,2023-04,26.0,Perfect
PORTO ESTRELA,2023-05,25.0,Perfect
PORTO ESTRELA,2023-06,22.0,Regular
PORTO ESTRELA,2023-07,24.0,Regular
PORTO ESTRELA,2023-08,27.0,Perfect
PORTO ESTRELA,2023-09,29.0,Perfect
PORTO ESTRELA,2023-10,30.0,Perfect
PORTO ESTRELA,2023-11,30.0,Perfect
PORTO ESTRELA,2023-12,29.0,Perfect
PRIMAVERA DO LESTE,2019-01,24.0,Regular
PRIMAVERA DO LESTE,2019-02,24.0,Regular
PRIMAVERA DO LESTE,2019-03,24.0,Regular
PRIMAVERA DO LESTE,2019-04,24.0,Regular
PRIMAVERA DO LESTE,2019-05,23.0,Regular
PRIMAVERA DO LESTE,2019-06,24.0,Regular
PRIMAVERA DO LESTE,2019-07,24.0,Regular
PRIMAVERA DO LESTE,2019-08,24.0,Regular
PRIMAVERA DO LESTE,2019-09,24.0,Regular
PRIMAVERA DO LESTE,2019-10,24.0,Regular
PRIMAVERA DO LESTE,2019-11,24.0,Regular
PRIMAVERA DO LESTE,2019-12,24.0,Regular
PRIMAVERA DO LESTE,2020-01,25.0,Perfect
PRIMAVERA DO LESTE,2020-02,24.0,Regular
PRIMAVERA DO LESTE,2020-03,25.0,Perfect
PRIMAVERA DO LESTE,2020-04,24.0,Regular
PRIMAVERA DO LESTE,2020-05,21.0,Regular
PRIMAVERA DO LESTE,2020-06,23.0,Regular
PRIMAVERA DO LESTE,2020-07,24.0,Regular
PRIMAVERA DO LESTE,2020-08,25.0,Perfect
PRIMAVERA DO LESTE,2020-09,28.0,Perfect
PRIMAVERA DO LESTE,2020-10,27.0,Perfect
PRIMAVERA DO LESTE,2020-11,26.0,Perfect
PRIMAVERA DO LESTE,2020-12,25.0,Perfect
PRIMAVERA DO LESTE,2022-01,24.0,Regular
PRIMAVERA DO LESTE,2022-02,24.0,Regular
PRIMAVERA DO LESTE,2022-03,24.0,Regular
PRIMAVERA DO LESTE,2022-04,24.0,Regular
PRIMAVERA DO LESTE,2022-05,22.0,Regular
PRIMAVERA DO LESTE,2022-06,23.0,Regular
PRIMAVERA DO LESTE,2022-07,24.0,Regular
PRIMAVERA DO LESTE,2022-08,25.0,Perfect
PRIMAVERA DO LESTE,2022-09,26.0,Perfect
PRIMAVERA DO LESTE,2022-10,25.0,Perfect
PRIMAVERA DO LESTE,2022-11,24.0,Regular
PRIMAVERA DO LESTE,2022-12,23.0,Regular
PRIMAVERA DO LESTE,2023-01,23.0,Regular
PRIMAVERA DO LESTE,2023-02,23.0,Regular
PRIMAVERA DO LESTE,2023-03,24.0,Regular
PRIMAVERA DO LESTE,2023-04,24.0,Regular
PRIMAVERA DO LESTE,2023-05,23.0,Regular
PRIMAVERA DO LESTE,2023-06,22.0,Regular
PRIMAVERA DO LESTE,2023-07,24.0,Regular
PRIMAVERA DO LESTE,2023-08,26.0,Perfect
PRIMAVERA DO LESTE,2023-09,27.0,Perfect
PRIMAVERA DO LESTE,2023-10,28.0,Perfect
PRIMAVERA DO LESTE,2023-11,26.0,Perfect
PRIMAVERA DO LESTE,2023-12,26.0,Perfect
QUERENCIA,2019-01,27.0,Perfect
QUERENCIA,2019-02,26.0,Perfect
QUERENCIA,2019-03,26.0,Perfect
QUERENCIA,2019-04,26.0,Perfect
QUERENCIA,2019-05,26.0,Perfect
QUERENCIA,2019-06,24.0,Regular
QUERENCIA,2019-07,23.0,Regular
QUERENCIA,2019-08,25.0,Perfect
QUERENCIA,2019-09,27.0,Perfect
QUERENCIA,2019-10,26.0,Perfect
QUERENCIA,2019-11,26.0,Perfect
QUERENCIA,2019-12,26.0,Perfect
QUERENCIA,2022-01,26.0,Perfect
QUERENCIA,2022-02,26.0,Perfect
QUERENCIA,2022-03,26.0,Perfect
QUERENCIA,2022-04,26.0,Perfect
QUERENCIA,2022-05,26.0,Perfect
QUERENCIA,2022-06,26.0,Perfect
QUERENCIA,2022-07,26.0,Perfect
QUERENCIA,2022-08,27.0,Perfect
QUERENCIA,2022-09,28.0,Perfect
QUERENCIA,2022-10,27.0,Perfect
QUERENCIA,2022-11,26.0,Perfect
QUERENCIA,2022-12,24.0,Regular
QUERENCIA,2023-01,24.0,Regular
QUERENCIA,2023-02,25.0,Perfect
QUERENCIA,2023-03,25.0,Perfect
QUERENCIA,2023-04,26.0,Perfect
QUERENCIA,2023-05,26.0,Perfect
QUERENCIA,2023-06,25.0,Perfect
QUERENCIA,2023-07,26.0,Perfect
QUERENCIA,2023-08,27.0,Perfect
QUERENCIA,2023-09,29.0,Perfect
QUERENCIA,2023-10,28.0,Perfect
QUERENCIA,2023-11,28.0,Perfect
QUERENCIA,2023-12,27.0,Perfect
RONDONOPOLIS,2019-01,26.0,Perfect
RONDONOPOLIS,2019-02,26.0,Perfect
RONDONOPOLIS,2019-03,26.0,Perfect
RONDONOPOLIS,2019-04,26.0,Perfect
RONDONOPOLIS,2019-05,24.0,Regular
RONDONOPOLIS,2019-06,23.0,Regular
RONDONOPOLIS,2019-07,22.0,Regular
RONDONOPOLIS,2019-08,26.0,Perfect
RONDONOPOLIS,2019-09,30.0,Perfect
RONDONOPOLIS,2019-10,28.0,Perfect
RONDONOPOLIS,2019-11,27.0,Perfect
RONDONOPOLIS,2019-12,28.0,Perfect
RONDONOPOLIS,2020-01,29.0,Perfect
RONDONOPOLIS,2020-02,27.0,Perfect
RONDONOPOLIS,2020-03,27.0,Perfect
RONDONOPOLIS,2020-04,26.0,Perfect
RONDONOPOLIS,2020-05,22.0,Regular
RONDONOPOLIS,2020-06,24.0,Regular
RONDONOPOLIS,2020-07,24.0,Regular
RONDONOPOLIS,2020-08,26.0,Perfect
RONDONOPOLIS,2020-09,31.0,Perfect
RONDONOPOLIS,2020-10,32.0,Perfect
RONDONOPOLIS,2020-11,30.0,Perfect
RONDONOPOLIS,2020-12,30.0,Perfect
RONDONOPOLIS,2021-01,27.0,Perfect
RONDONOPOLIS,2021-02,26.0,Perfect
RONDONOPOLIS,2021-03,26.0,Perfect
RONDONOPOLIS,2021-04,26.0,Perfect
RONDONOPOLIS,2021-05,24.0,Regular
RONDONOPOLIS,2021-06,23.0,Regular
RONDONOPOLIS,2021-07,22.0,Regular
RONDONOPOLIS,2021-08,26.0,Perfect
RONDONOPOLIS,2021-09,30.0,Perfect
RONDONOPOLIS,2021-10,27.0,Perfect
RONDONOPOLIS,2021-11,26.0,Perfect
RONDONOPOLIS,2021-12,26.0,Perfect
RONDONOPOLIS,2022-01,25.0,Perfect
RONDONOPOLIS,2022-02,25.0,Perfect
RONDONOPOLIS,2022-03,25.0,Perfect
RONDONOPOLIS,2022-04,25.0,Perfect
RONDONOPOLIS,2022-05,22.0,Regular
RONDONOPOLIS,2022-06,23.0,Regular
RONDONOPOLIS,2022-07,24.0,Regular
RONDONOPOLIS,2022-08,24.0,Regular
RONDONOPOLIS,2022-09,28.0,Perfect
RONDONOPOLIS,2022-10,27.0,Perfect
RONDONOPOLIS,2022-11,26.0,Perfect
RONDONOPOLIS,2022-12,26.0,Perfect
RONDONOPOLIS,2023-01,25.0,Perfect
RONDONOPOLIS,2023-02,25.0,Perfect
RONDONOPOLIS,2023-03,26.0,Perfect
RONDONOPOLIS,2023-04,25.0,Perfect
RONDONOPOLIS,2023-05,24.0,Regular
RONDONOPOLIS,2023-06,21.0,Regular
RONDONOPOLIS,2023-07,23.0,Regular
RONDONOPOLIS,2023-08,27.0,Perfect
RONDONOPOLIS,2023-09,29.0,Perfect
RONDONOPOLIS,2023-10,29.0,Perfect
RONDONOPOLIS,2023-11,29.0,Perfect
RONDONOPOLIS,2023-12,28.0,Perfect
ROSARIO OESTE,2022-01,27.0,Perfect
ROSARIO OESTE,2022-02,26.0,Perfect
ROSARIO OESTE,2022-03,25.0,Perfect
ROSARIO OESTE,2022-04,25.0,Perfect
ROSARIO OESTE,2022-05,22.0,Regular
ROSARIO OESTE,2022-06,22.0,Regular
ROSARIO OESTE,2022-07,23.0,Regular
ROSARIO OESTE,2022-08,24.0,Regular
ROSARIO OESTE,2022-09,27.0,Perfect
ROSARIO OESTE,2022-10,27.0,Perfect
ROSARIO OESTE,2022-11,25.0,Perfect
ROSARIO OESTE,2022-12,26.0,Perfect
ROSARIO OESTE,2023-01,26.0,Perfect
ROSARIO OESTE,2023-02,26.0,Perfect
ROSARIO OESTE,2023-03,26.0,Perfect
ROSARIO OESTE,2023-04,26.0,Perfect
ROSARIO OESTE,2023-05,24.0,Regular
ROSARIO OESTE,2023-06,21.0,Regular
ROSARIO OESTE,2023-07,23.0,Regular
ROSARIO OESTE,2023-08,27.0,Perfect
ROSARIO OESTE,2023-09,29.0,Perfect
ROSARIO OESTE,2023-10,29.0,Perfect
ROSARIO OESTE,2023-11,29.0,Perfect
ROSARIO OESTE,2023-12,28.0,Perfect
S.J. DO RIO CLARO,2019-01,23.0,Regular
S.J. DO RIO CLARO,2019-02,26.0,Perfect
S.J. DO RIO CLARO,2019-03,25.0,Perfect
S.J. DO RIO CLARO,2019-04,25.0,Perfect
S.J. DO RIO CLARO,2019-05,25.0,Perfect
S.J. DO RIO CLARO,2019-06,24.0,Regular
S.J. DO RIO CLARO,2019-07,23.0,Regular
S.J. DO RIO CLARO,2019-08,25.0,Perfect
S.J. DO RIO CLARO,2019-09,28.0,Perfect
S.J. DO RIO CLARO,2019-10,26.0,Perfect
S.J. DO RIO CLARO,2019-11,26.0,Perfect
S.J. DO RIO CLARO,2019-12,26.0,Perfect
S.J. DO RIO CLARO,2020-01,26.0,Perfect
S.J. DO RIO CLARO,2020-02,26.0,Perfect
S.J. DO RIO CLARO,2020-03,26.0,Perfect
S.J. DO RIO CLARO,2020-04,26.0,Perfect
S.J. DO RIO CLARO,2020-05,23.0,Regular
S.J. DO RIO CLARO,2020-06,24.0,Regular
S.J. DO RIO CLARO,2020-07,23.0,Regular
S.J. DO RIO CLARO,2020-08,25.0,Perfect
S.J. DO RIO CLARO,2020-09,27.0,Perfect
S.J. DO RIO CLARO,2020-10,28.0,Perfect
S.J. DO RIO CLARO,2020-11,27.0,Perfect
S.J. DO RIO CLARO,2020-12,26.0,Perfect
S.J. DO RIO CLARO,2021-01,25.0,Perfect
S.J. DO RIO CLARO,2021-02,26.0,Perfect
S.J. DO RIO CLARO,2021-03,25.0,Perfect
S.J. DO RIO CLARO,2021-04,25.0,Perfect
S.J. DO RIO CLARO,2021-05,25.0,Perfect
S.J. DO RIO CLARO,2021-06,25.0,Perfect
S.J. DO RIO CLARO,2021-07,25.0,Perfect
S.J. DO RIO CLARO,2021-08,25.0,Perfect
S.J. DO RIO CLARO,2021-09,25.0,Perfect
S.J. DO RIO CLARO,2021-10,25.0,Perfect
S.J. DO RIO CLARO,2021-11,25.0,Perfect
S.J. DO RIO CLARO,2021-12,25.0,Perfect
S.J. DO RIO CLARO,2022-01,27.0,Perfect
S.J. DO RIO CLARO,2022-02,28.0,Perfect
S.J. DO RIO CLARO,2022-03,28.0,Perfect
S.J. DO RIO CLARO,2022-04,29.0,Perfect
S.J. DO RIO CLARO,2022-05,24.0,Regular
S.J. DO RIO CLARO,2022-06,24.0,Regular
S.J. DO RIO CLARO,2022-07,25.0,Perfect
S.J. DO RIO CLARO,2022-08,25.0,Perfect
S.J. DO RIO CLARO,2022-09,28.0,Perfect
S.J. DO RIO CLARO,2022-10,27.0,Perfect
S.J. DO RIO CLARO,2022-11,26.0,Perfect
S.J. DO RIO CLARO,2022-12,25.0,Perfect
S.J. DO RIO CLARO,2023-01,25.0,Perfect
S.J. DO RIO CLARO,2023-02,26.0,Perfect
S.J. DO RIO CLARO,2023-03,25.0,Perfect
S.J. DO RIO CLARO,2023-04,25.0,Perfect
S.J. DO RIO CLARO,2023-05,25.0,Perfect
S.J. DO RIO CLARO,2023-06,23.0,Regular
S.J. DO RIO CLARO,2023-07,24.0,Regular
S.J. DO RIO CLARO,2023-08,27.0,Perfect
S.J. DO RIO CLARO,2023-09,28.0,Perfect
S.J. DO RIO CLARO,2023-10,29.0,Perfect
S.J. DO RIO CLARO,2023-11,28.0,Perfect
S.J. DO RIO CLARO,2023-12,27.0,Perfect
SALTO DO CEU,2019-01,25.0,Perfect
SALTO DO CEU,2019-02,26.0,Perfect
SALTO DO CEU,2019-03,26.0,Perfect
SALTO DO CEU,2019-04,25.0,Perfect
SALTO DO CEU,2019-05,23.0,Regular
SALTO DO CEU,2019-06,23.0,Regular
SALTO DO CEU,2019-07,22.0,Regular
SALTO DO CEU,2019-08,24.0,Regular
SALTO DO CEU,2019-09,28.0,Perfect
SALTO DO CEU,2019-10,27.0,Perfect
SALTO DO CEU,2019-11,26.0,Perfect
SALTO DO CEU,2019-12,26.0,Perfect
SALTO DO CEU,2020-01,27.0,Perfect
SALTO DO CEU,2020-02,25.0,Perfect
SALTO DO CEU,2020-03,26.0,Perfect
SALTO DO CEU,2020-04,25.0,Perfect
SALTO DO CEU,2020-05,22.0,Regular
SALTO DO CEU,2020-06,23.0,Regular
SALTO DO CEU,2020-07,23.0,Regular
SALTO DO CEU,2020-08,24.0,Regular
SALTO DO CEU,2020-09,24.0,Regular
SALTO DO CEU,2020-10,24.0,Regular
SALTO DO CEU,2020-11,24.0,Regular
SALTO DO CEU,2020-12,24.0,Regular
SALTO DO CEU,2022-01,24.0,Regular
SALTO DO CEU,2022-02,24.0,Regular
SALTO DO CEU,2022-03,24.0,Regular
SALTO DO CEU,2022-04,24.0,Regular
SALTO DO CEU,2022-05,22.0,Regular
SALTO DO CEU,2022-06,21.0,Regular
SALTO DO CEU,2022-07,23.0,Regular
SALTO DO CEU,2022-08,23.0,Regular
SALTO DO CEU,2022-09,26.0,Perfect
SALTO DO CEU,2022-10,26.0,Perfect
SALTO DO CEU,2022-11,25.0,Perfect
SALTO DO CEU,2022-12,26.0,Perfect
SALTO DO CEU,2023-01,25.0,Perfect
SALTO DO CEU,2023-02,25.0,Perfect
SALTO DO CEU,2023-03,25.0,Perfect
SALTO DO CEU,2023-04,25.0,Perfect
SALTO DO CEU,2023-05,24.0,Regular
SALTO DO CEU,2023-06,21.0,Regular
SALTO DO CEU,2023-07,23.0,Regular
SALTO DO CEU,2023-08,26.0,Perfect
SALTO DO CEU,2023-09,28.0,Perfect
SALTO DO CEU,2023-10,28.0,Perfect
SALTO DO CEU,2023-11,29.0,Perfect
SALTO DO CEU,2023-12,27.0,Perfect
SANTO ANTONIO DO LESTE,2019-01,25.0,Perfect
SANTO ANTONIO DO LESTE,2019-02,24.0,Regular
SANTO ANTONIO DO LESTE,2019-03,24.0,Regular
SANTO ANTONIO DO LESTE,2019-04,24.0,Regular
SANTO ANTONIO DO LESTE,2019-05,23.0,Regular
SANTO ANTONIO DO LESTE,2019-06,23.0,Regular
SANTO ANTONIO DO LESTE,2019-07,23.0,Regular
SANTO ANTONIO DO LESTE,2019-08,25.0,Perfect
SANTO ANTONIO DO LESTE,2019-09,28.0,Perfect
SANTO ANTONIO DO LESTE,2019-10,25.0,Perfect
SANTO ANTONIO DO LESTE,2019-11,24.0,Regular
SANTO ANTONIO DO LESTE,2019-12,24.0,Regular
SANTO ANTONIO DO LESTE,2020-01,25.0,Perfect
SANTO ANTONIO DO LESTE,2020-02,24.0,Regular
SANTO ANTONIO DO LESTE,2020-03,24.0,Regular
SANTO ANTONIO DO LESTE,2020-04,24.0,Regular
SANTO ANTONIO DO LESTE,2020-05,22.0,Regular
SANTO ANTONIO DO LESTE,2020-06,23.0,Regular
SANTO ANTONIO DO LESTE,2020-07,24.0,Regular
SANTO ANTONIO DO LESTE,2020-08,30.0,Perfect
SANTO ANTONIO DO LESTE,2020-09,32.0,Perfect
SANTO ANTONIO DO LESTE,2020-10,28.0,Perfect
SANTO ANTONIO DO LESTE,2020-11,30.0,Perfect
SANTO ANTONIO DO LESTE,2020-12,28.0,Perfect
SANTO ANTONIO DO LESTE,2022-01,24.0,Regular
SANTO ANTONIO DO LESTE,2022-02,24.0,Regular
SANTO ANTONIO DO LESTE,2022-03,24.0,Regular
SANTO ANTONIO DO LESTE,2022-04,25.0,Perfect
SANTO ANTONIO DO LESTE,2022-05,22.0,Regular
SANTO ANTONIO DO LESTE,2022-06,23.0,Regular
SANTO ANTONIO DO LESTE,2022-07,24.0,Regular
SANTO ANTONIO DO LESTE,2022-08,25.0,Perfect
SANTO ANTONIO DO LESTE,2022-09,26.0,Perfect
SANTO ANTONIO DO LESTE,2022-10,25.0,Perfect
SANTO ANTONIO DO LESTE,2022-11,24.0,Regular
SANTO ANTONIO DO LESTE,2022-12,23.0,Regular
SANTO ANTONIO DO LESTE,2023-01,24.0,Regular
SANTO ANTONIO DO LESTE,2023-02,24.0,Regular
SANTO ANTONIO DO LESTE,2023-03,24.0,Regular
SANTO ANTONIO DO LESTE,2023-04,24.0,Regular
SANTO ANTONIO DO LESTE,2023-05,23.0,Regular
SANTO ANTONIO DO LESTE,2023-06,22.0,Regular
SANTO ANTONIO DO LESTE,2023-07,24.0,Regular
SANTO ANTONIO DO LESTE,2023-08,27.0,Perfect
SANTO ANTONIO DO LESTE,2023-09,25.0,Perfect
SANTO ANTONIO DO LESTE,2023-10,24.0,Regular
SANTO ANTONIO DO LESTE,2023-11,25.0,Perfect
SANTO ANTONIO DO LESTE,2023-12,26.0,Perfect
SAO FELIX  DO ARAGUAIA,2019-01,26.0,Perfect
SAO FELIX  DO ARAGUAIA,2019-02,27.0,Perfect
SAO FELIX  DO ARAGUAIA,2019-03,26.0,Perfect
SAO FELIX  DO ARAGUAIA,2019-04,27.0,Perfect
SAO FELIX  DO ARAGUAIA,2019-05,27.0,Perfect
SAO FELIX  DO ARAGUAIA,2019-06,26.0,Perfect
SAO FELIX  DO ARAGUAIA,2019-07,27.0,Perfect
SAO FELIX  DO ARAGUAIA,2019-08,27.0,Perfect
SAO FELIX  DO ARAGUAIA,2019-09,27.0,Perfect
SAO FELIX  DO ARAGUAIA,2019-10,27.0,Perfect
SAO FELIX  DO ARAGUAIA,2019-11,27.0,Perfect
SAO FELIX  DO ARAGUAIA,2019-12,27.0,Perfect
SAO FELIX  DO ARAGUAIA,2020-01,27.0,Perfect
SAO FELIX  DO ARAGUAIA,2020-02,26.0,Perfect
SAO FELIX  DO ARAGUAIA,2020-03,27.0,Perfect
SAO FELIX  DO ARAGUAIA,2020-04,27.0,Perfect
SAO FELIX  DO ARAGUAIA,2020-05,26.0,Perfect
SAO FELIX  DO ARAGUAIA,2020-06,26.0,Perfect
SAO FELIX  DO ARAGUAIA,2020-07,25.0,Perfect
SAO FELIX  DO ARAGUAIA,2020-08,27.0,Perfect
SAO FELIX  DO ARAGUAIA,2020-09,30.0,Perfect
SAO FELIX  DO ARAGUAIA,2020-10,29.0,Perfect
SAO FELIX  DO ARAGUAIA,2020-11,27.0,Perfect
SAO FELIX  DO ARAGUAIA,2020-12,26.0,Perfect
SAO FELIX  DO ARAGUAIA,2021-01,26.0,Perfect
SAO FELIX  DO ARAGUAIA,2021-02,25.0,Perfect
SAO FELIX  DO ARAGUAIA,2021-03,26.0,Perfect
SAO FELIX  DO ARAGUAIA,2021-04,27.0,Perfect
SAO FELIX  DO ARAGUAIA,2021-05,26.0,Perfect
SAO FELIX  DO ARAGUAIA,2021-06,26.0,Perfect
SAO FELIX  DO ARAGUAIA,2021-07,26.0,Perfect
SAO FELIX  DO ARAGUAIA,2021-08,28.0,Perfect
SAO FELIX  DO ARAGUAIA,2021-09,27.0,Perfect
SAO FELIX  DO ARAGUAIA,2021-10,26.0,Perfect
SAO FELIX  DO ARAGUAIA,2021-11,26.0,Perfect
SAO FELIX  DO ARAGUAIA,2021-12,26.0,Perfect
SAO FELIX  DO ARAGUAIA,2022-01,29.0,Perfect
SAO FELIX  DO ARAGUAIA,2022-02,30.0,Perfect
SAO FELIX  DO ARAGUAIA,2022-03,30.0,Perfect
SAO FELIX  DO ARAGUAIA,2022-04,32.0,Perfect
SAO FELIX  DO ARAGUAIA,2022-05,31.0,Perfect
SAO FELIX  DO ARAGUAIA,2022-06,29.0,Perfect
SAO FELIX  DO ARAGUAIA,2022-07,26.0,Perfect
SAO FELIX  DO ARAGUAIA,2022-08,28.0,Perfect
SAO FELIX  DO ARAGUAIA,2022-09,29.0,Perfect
SAO FELIX  DO ARAGUAIA,2022-10,28.0,Perfect
SAO FELIX  DO ARAGUAIA,2022-11,27.0,Perfect
SAO FELIX  DO ARAGUAIA,2022-12,29.0,Perfect
SAO JOSE DO XINGU,2019-02,25.0,Perfect
SAO JOSE DO XINGU,2019-03,25.0,Perfect
SAO JOSE DO XINGU,2019-04,26.0,Perfect
SAO JOSE DO XINGU,2019-05,27.0,Perfect
SAO JOSE DO XINGU,2019-06,26.0,Perfect
SAO JOSE DO XINGU,2019-07,25.0,Perfect
SAO JOSE DO XINGU,2019-08,27.0,Perfect
SAO JOSE DO XINGU,2019-09,28.0,Perfect
SAO JOSE DO XINGU,2019-10,26.0,Perfect
SAO JOSE DO XINGU,2019-11,26.0,Perfect
SAO JOSE DO XINGU,2019-12,26.0,Perfect
SAO JOSE DO XINGU,2020-01,26.0,Perfect
SAO JOSE DO XINGU,2020-02,26.0,Perfect
SAO JOSE DO XINGU,2020-03,26.0,Perfect
SAO JOSE DO XINGU,2020-04,26.0,Perfect
SAO JOSE DO XINGU,2020-05,26.0,Perfect
SAO JOSE DO XINGU,2020-06,25.0,Perfect
SAO JOSE DO XINGU,2020-07,25.0,Perfect
SAO JOSE DO XINGU,2020-08,27.0,Perfect
SAO JOSE DO XINGU,2020-09,29.0,Perfect
SAO JOSE DO XINGU,2020-10,27.0,Perfect
SAO JOSE DO XINGU,2020-11,26.0,Perfect
SAO JOSE DO XINGU,2020-12,25.0,Perfect
SAO JOSE DO XINGU,2021-01,25.0,Perfect
SAO JOSE DO XINGU,2021-02,25.0,Perfect
SAO JOSE DO XINGU,2021-03,25.0,Perfect
SAO JOSE DO XINGU,2021-04,25.0,Perfect
SAO JOSE DO XINGU,2021-05,26.0,Perfect
SAO JOSE DO XINGU,2021-06,26.0,Perfect
SAO JOSE DO XINGU,2021-07,27.0,Perfect
SAO JOSE DO XINGU,2021-08,31.0,Perfect
SAO JOSE DO XINGU,2021-09,27.0,Perfect
SAO JOSE DO XINGU,2021-10,27.0,Perfect
SAO JOSE DO XINGU,2021-11,28.0,Perfect
SAO JOSE DO XINGU,2021-12,27.0,Perfect
SAO JOSE DO XINGU,2023-01,27.0,Perfect
SAO JOSE DO XINGU,2023-02,27.0,Perfect
SAO JOSE DO XINGU,2023-03,27.0,Perfect
SAO JOSE DO XINGU,2023-04,27.0,Perfect
SAO JOSE DO XINGU,2023-05,27.0,Perfect
SAO JOSE DO XINGU,2023-06,26.0,Perfect
SAO JOSE DO XINGU,2023-07,26.0,Perfect
SAO JOSE DO XINGU,2023-08,27.0,Perfect
SAO JOSE DO XINGU,2023-09,28.0,Perfect
SAO JOSE DO XINGU,2023-10,28.0,Perfect
SAO JOSE DO XINGU,2023-11,28.0,Perfect
SAO JOSE DO XINGU,2023-12,27.0,Perfect
SAPEZAL,2019-01,24.0,Regular
SAPEZAL,2019-02,24.0,Regular
SAPEZAL,2019-03,24.0,Regular
SAPEZAL,2019-04,24.0,Regular
SAPEZAL,2019-05,24.0,Regular
SAPEZAL,2019-06,24.0,Regular
SAPEZAL,2019-07,24.0,Regular
SAPEZAL,2019-08,25.0,Perfect
SAPEZAL,2019-09,27.0,Perfect
SAPEZAL,2019-10,24.0,Regular
SAPEZAL,2019-11,24.0,Regular
SAPEZAL,2019-12,24.0,Regular
SAPEZAL,2020-01,25.0,Perfect
SAPEZAL,2020-02,25.0,Perfect
SAPEZAL,2020-03,27.0,Perfect
SAPEZAL,2020-04,28.0,Perfect
SAPEZAL,2020-05,25.0,Perfect
SAPEZAL,2020-06,23.0,Regular
SAPEZAL,2020-07,23.0,Regular
SAPEZAL,2020-08,25.0,Perfect
SAPEZAL,2020-09,27.0,Perfect
SAPEZAL,2020-10,26.0,Perfect
SAPEZAL,2020-11,25.0,Perfect
SAPEZAL,2020-12,24.0,Regular
SAPEZAL,2021-01,24.0,Regular
SAPEZAL,2021-02,24.0,Regular
SAPEZAL,2021-03,24.0,Regular
SAPEZAL,2021-04,24.0,Regular
SAPEZAL,2021-05,23.0,Regular
SAPEZAL,2021-06,22.0,Regular
SAPEZAL,2021-07,22.0,Regular
SAPEZAL,2021-08,25.0,Perfect
SAPEZAL,2021-09,24.0,Regular
SAPEZAL,2021-10,23.0,Regular
SAPEZAL,2021-11,23.0,Regular
SAPEZAL,2021-12,23.0,Regular
SAPEZAL,2023-01,25.0,Perfect
SAPEZAL,2023-02,25.0,Perfect
SAPEZAL,2023-03,25.0,Perfect
SAPEZAL,2023-04,25.0,Perfect
SAPEZAL,2023-05,25.0,Perfect
SAPEZAL,2023-06,22.0,Regular
SAPEZAL,2023-07,23.0,Regular
SAPEZAL,2023-08,26.0,Perfect
SAPEZAL,2023-09,27.0,Perfect
SAPEZAL,2023-10,27.0,Perfect
SAPEZAL,2023-11,27.0,Perfect
SAPEZAL,2023-12,25.0,Perfect
SERRA NOVA DOURADA,2020-01,25.0,Perfect
SERRA NOVA DOURADA,2020-02,25.0,Perfect
SERRA NOVA DOURADA,2020-03,25.0,Perfect
SERRA NOVA DOURADA,2020-04,26.0,Perfect
SERRA NOVA DOURADA,2020-05,25.0,Perfect
SERRA NOVA DOURADA,2020-06,25.0,Perfect
SERRA NOVA DOURADA,2020-07,26.0,Perfect
SERRA NOVA DOURADA,2020-08,28.0,Perfect
SERRA NOVA DOURADA,2020-09,30.0,Perfect
SERRA NOVA DOURADA,2020-10,28.0,Perfect
SERRA NOVA DOURADA,2020-11,26.0,Perfect
SERRA NOVA DOURADA,2020-12,25.0,Perfect
SERRA NOVA DOURADA,2021-01,25.0,Perfect
SERRA NOVA DOURADA,2021-02,24.0,Regular
SERRA NOVA DOURADA,2021-03,25.0,Perfect
SERRA NOVA DOURADA,2021-04,25.0,Perfect
SERRA NOVA DOURADA,2021-05,26.0,Perfect
SERRA NOVA DOURADA,2021-06,28.0,Perfect
SERRA NOVA DOURADA,2021-07,31.0,Perfect
SERRA NOVA DOURADA,2021-08,30.0,Perfect
SERRA NOVA DOURADA,2021-09,28.0,Perfect
SERRA NOVA DOURADA,2021-10,28.0,Perfect
SERRA NOVA DOURADA,2021-11,27.0,Perfect
SERRA NOVA DOURADA,2021-12,27.0,Perfect
SERRA NOVA DOURADA,2022-01,28.0,Perfect
SERRA NOVA DOURADA,2022-02,28.0,Perfect
SERRA NOVA DOURADA,2022-03,28.0,Perfect
SERRA NOVA DOURADA,2022-04,28.0,Perfect
SERRA NOVA DOURADA,2022-05,29.0,Perfect
SERRA NOVA DOURADA,2022-06,29.0,Perfect
SERRA NOVA DOURADA,2022-07,29.0,Perfect
SERRA NOVA DOURADA,2022-08,28.0,Perfect
SERRA NOVA DOURADA,2022-09,30.0,Perfect
SERRA NOVA DOURADA,2022-10,28.0,Perfect
SERRA NOVA DOURADA,2022-11,25.0,Perfect
SERRA NOVA DOURADA,2022-12,24.0,Regular
SERRA NOVA DOURADA,2023-01,24.0,Regular
SERRA NOVA DOURADA,2023-02,26.0,Perfect
SERRA NOVA DOURADA,2023-03,26.0,Perfect
SERRA NOVA DOURADA,2023-04,26.0,Perfect
SERRA NOVA DOURADA,2023-05,26.0,Perfect
SERRA NOVA DOURADA,2023-06,27.0,Perfect
SERRA NOVA DOURADA,2023-07,27.0,Perfect
SERRA NOVA DOURADA,2023-08,29.0,Perfect
SERRA NOVA DOURADA,2023-09,30.0,Perfect
SERRA NOVA DOURADA,2023-10,29.0,Perfect
SERRA NOVA DOURADA,2023-11,28.0,Perfect
SERRA NOVA DOURADA,2023-12,27.0,Perfect
SINOP,2019-01,25.0,Perfect
SINOP,2019-02,25.0,Perfect
SINOP,2019-03,25.0,Perfect
SINOP,2019-04,27.0,Perfect
SINOP,2019-05,28.0,Perfect
SINOP,2019-06,30.0,Perfect
SINOP,2019-07,30.0,Perfect
SINOP,2019-08,27.0,Perfect
SINOP,2019-09,28.0,Perfect
SINOP,2019-10,26.0,Perfect
SINOP,2019-11,26.0,Perfect
SINOP,2019-12,25.0,Perfect
SINOP,2020-01,25.0,Perfect
SINOP,2020-02,25.0,Perfect
SINOP,2020-03,25.0,Perfect
SINOP,2020-04,25.0,Perfect
SINOP,2020-05,24.0,Regular
SINOP,2020-06,26.0,Perfect
SINOP,2020-07,25.0,Perfect
SINOP,2020-08,25.0,Perfect
SINOP,2020-09,25.0,Perfect
SINOP,2020-10,25.0,Perfect
SINOP,2020-11,25.0,Perfect
SINOP,2020-12,25.0,Perfect
SINOP,2022-01,25.0,Perfect
SINOP,2022-02,25.0,Perfect
SINOP,2022-03,25.0,Perfect
SINOP,2022-04,25.0,Perfect
SINOP,2022-05,25.0,Perfect
SINOP,2022-06,25.0,Perfect
SINOP,2022-07,25.0,Perfect
SINOP,2022-08,25.0,Perfect
SINOP,2022-09,25.0,Perfect
SINOP,2022-10,25.0,Perfect
SINOP,2022-11,26.0,Perfect
SINOP,2022-12,24.0,Regular
SINOP,2023-01,24.0,Regular
SINOP,2023-02,25.0,Perfect
SINOP,2023-03,25.0,Perfect
SINOP,2023-04,25.0,Perfect
SINOP,2023-05,25.0,Perfect
SINOP,2023-06,25.0,Perfect
SINOP,2023-07,26.0,Perfect
SINOP,2023-08,28.0,Perfect
SINOP,2023-09,29.0,Perfect
SINOP,2023-10,28.0,Perfect
SINOP,2023-11,27.0,Perfect
SINOP,2023-12,27.0,Perfect
SORRISO,2019-01,26.0,Perfect
SORRISO,2019-02,26.0,Perfect
SORRISO,2019-03,26.0,Perfect
SORRISO,2019-04,26.0,Perfect
SORRISO,2019-05,26.0,Perfect
SORRISO,2019-06,26.0,Perfect
SORRISO,2019-07,26.0,Perfect
SORRISO,2019-08,27.0,Perfect
SORRISO,2019-09,29.0,Perfect
SORRISO,2019-10,27.0,Perfect
SORRISO,2019-11,26.0,Perfect
SORRISO,2019-12,26.0,Perfect
SORRISO,2020-01,26.0,Perfect
SORRISO,2020-02,26.0,Perfect
SORRISO,2020-03,26.0,Perfect
SORRISO,2020-04,26.0,Perfect
SORRISO,2020-05,25.0,Perfect
SORRISO,2020-06,26.0,Perfect
SORRISO,2020-07,26.0,Perfect
SORRISO,2020-08,27.0,Perfect
SORRISO,2020-09,26.0,Perfect
SORRISO,2020-10,26.0,Perfect
SORRISO,2020-11,26.0,Perfect
SORRISO,2020-12,26.0,Perfect
SORRISO,2022-01,25.0,Perfect
SORRISO,2022-02,25.0,Perfect
SORRISO,2022-03,25.0,Perfect
SORRISO,2022-04,25.0,Perfect
SORRISO,2022-05,25.0,Perfect
SORRISO,2022-06,25.0,Perfect
SORRISO,2022-07,25.0,Perfect
SORRISO,2022-08,25.0,Perfect
SORRISO,2022-09,25.0,Perfect
SORRISO,2022-10,25.0,Perfect
SORRISO,2022-11,26.0,Perfect
SORRISO,2022-12,24.0,Regular
SORRISO,2023-01,24.0,Regular
SORRISO,2023-02,26.0,Perfect
SORRISO,2023-03,25.0,Perfect
SORRISO,2023-04,26.0,Perfect
SORRISO,2023-05,26.0,Perfect
SORRISO,2023-06,25.0,Perfect
SORRISO,2023-07,26.0,Perfect
SORRISO,2023-08,28.0,Perfect
SORRISO,2023-09,29.0,Perfect
SORRISO,2023-10,29.0,Perfect
SORRISO,2023-11,28.0,Perfect
SORRISO,2023-12,27.0,Perfect
TANGARA DA SERRA,2019-01,25.0,Perfect
TANGARA DA SERRA,2019-02,25.0,Perfect
TANGARA DA SERRA,2019-03,25.0,Perfect
TANGARA DA SERRA,2019-04,25.0,Perfect
TANGARA DA SERRA,2019-05,23.0,Regular
TANGARA DA SERRA,2019-06,24.0,Regular
TANGARA DA SERRA,2019-07,23.0,Regular
TANGARA DA SERRA,2019-08,25.0,Perfect
TANGARA DA SERRA,2019-09,28.0,Perfect
TANGARA DA SERRA,2019-10,26.0,Perfect
TANGARA DA SERRA,2019-11,25.0,Perfect
TANGARA DA SERRA,2019-12,25.0,Perfect
TANGARA DA SERRA,2020-01,26.0,Perfect
TANGARA DA SERRA,2020-02,25.0,Perfect
TANGARA DA SERRA,2020-03,26.0,Perfect
TANGARA DA SERRA,2020-04,25.0,Perfect
TANGARA DA SERRA,2020-05,22.0,Regular
TANGARA DA SERRA,2020-06,24.0,Regular
TANGARA DA SERRA,2020-07,24.0,Regular
TANGARA DA SERRA,2020-08,26.0,Perfect
TANGARA DA SERRA,2020-09,28.0,Perfect
TANGARA DA SERRA,2020-10,28.0,Perfect
TANGARA DA SERRA,2020-11,26.0,Perfect
TANGARA DA SERRA,2020-12,25.0,Perfect
TANGARA DA SERRA,2022-01,27.0,Perfect
TANGARA DA SERRA,2022-02,26.0,Perfect
TANGARA DA SERRA,2022-03,24.0,Regular
TANGARA DA SERRA,2022-04,25.0,Perfect
TANGARA DA SERRA,2022-05,23.0,Regular
TANGARA DA SERRA,2022-06,22.0,Regular
TANGARA DA SERRA,2022-07,25.0,Perfect
TANGARA DA SERRA,2022-08,24.0,Regular
TANGARA DA SERRA,2022-09,26.0,Perfect
TANGARA DA SERRA,2022-10,25.0,Perfect
TANGARA DA SERRA,2022-11,25.0,Perfect
TANGARA DA SERRA,2022-12,24.0,Regular
TANGARA DA SERRA,2023-01,24.0,Regular
TANGARA DA SERRA,2023-02,24.0,Regular
TANGARA DA SERRA,2023-03,25.0,Perfect
TANGARA DA SERRA,2023-04,24.0,Regular
TANGARA DA SERRA,2023-05,24.0,Regular
TANGARA DA SERRA,2023-06,22.0,Regular
TANGARA DA SERRA,2023-07,24.0,Regular
TANGARA DA SERRA,2023-08,27.0,Perfect
TANGARA DA SERRA,2023-09,28.0,Perfect
TANGARA DA SERRA,2023-10,28.0,Perfect
TANGARA DA SERRA,2023-11,28.0,Perfect
TANGARA DA SERRA,2023-12,27.0,Perfect
VILA BELA DA SANTISSIMA TRINDADE,2019-01,26.0,Perfect
VILA BELA DA SANTISSIMA TRINDADE,2019-02,26.0,Perfect
VILA BELA DA SANTISSIMA TRINDADE,2019-03,26.0,Perfect
VILA BELA DA SANTISSIMA TRINDADE,2019-04,26.0,Perfect
VILA BELA DA SANTISSIMA TRINDADE,2019-05,24.0,Regular
VILA BELA DA SANTISSIMA TRINDADE,2019-06,24.0,Regular
VILA BELA DA SANTISSIMA TRINDADE,2019-07,24.0,Regular
VILA BELA DA SANTISSIMA TRINDADE,2019-08,25.0,Perfect
VILA BELA DA SANTISSIMA TRINDADE,2019-09,28.0,Perfect
VILA BELA DA SANTISSIMA TRINDADE,2019-10,27.0,Perfect
VILA BELA DA SANTISSIMA TRINDADE,2019-11,27.0,Perfect
VILA BELA DA SANTISSIMA TRINDADE,2019-12,26.0,Perfect
VILA BELA DA SANTISSIMA TRINDADE,2020-01,27.0,Perfect
VILA BELA DA SANTISSIMA TRINDADE,2020-02,26.0,Perfect
VILA BELA DA SANTISSIMA TRINDADE,2020-03,27.0,Perfect
VILA BELA DA SANTISSIMA TRINDADE,2020-04,26.0,Perfect
VILA BELA DA SANTISSIMA TRINDADE,2020-05,23.0,Regular
VILA BELA DA SANTISSIMA TRINDADE,2020-06,24.0,Regular
VILA BELA DA SANTISSIMA TRINDADE,2020-07,24.0,Regular
VILA BELA DA SANTISSIMA TRINDADE,2020-08,25.0,Perfect
VILA BELA DA SANTISSIMA TRINDADE,2020-09,28.0,Perfect
VILA BELA DA SANTISSIMA TRINDADE,2020-10,29.0,Perfect
VILA BELA DA SANTISSIMA TRINDADE,2020-11,28.0,Perfect
VILA BELA DA SANTISSIMA TRINDADE,2020-12,26.0,Perfect
VILA BELA DA SANTISSIMA TRINDADE,2022-01,25.0,Perfect
VILA BELA DA SANTISSIMA TRINDADE,2022-02,25.0,Perfect
VILA BELA DA SANTISSIMA TRINDADE,2022-03,25.0,Perfect
VILA BELA DA SANTISSIMA TRINDADE,2022-04,25.0,Perfect
VILA BELA DA SANTISSIMA TRINDADE,2022-05,23.0,Regular
VILA BELA DA SANTISSIMA TRINDADE,2022-06,22.0,Regular
VILA BELA DA SANTISSIMA TRINDADE,2022-07,24.0,Regular
VILA BELA DA SANTISSIMA TRINDADE,2022-08,24.0,Regular
VILA BELA DA SANTISSIMA TRINDADE,2022-09,26.0,Perfect
VILA BELA DA SANTISSIMA TRINDADE,2022-10,26.0,Perfect
VILA BELA DA SANTISSIMA TRINDADE,2022-11,26.0,Perfect
VILA BELA DA SANTISSIMA TRINDADE,2022-12,26.0,Perfect
VILA BELA DA SANTISSIMA TRINDADE,2023-01,26.0,Perfect
VILA BELA DA SANTISSIMA TRINDADE,2023-02,26.0,Perfect
VILA BELA DA SANTISSIMA TRINDADE,2023-03,26.0,Perfect
VILA BELA DA SANTISSIMA TRINDADE,2023-04,26.0,Perfect
VILA BELA DA SANTISSIMA TRINDADE,2023-05,26.0,Perfect
VILA BELA DA SANTISSIMA TRINDADE,2023-06,23.0,Regular
VILA BELA DA SANTISSIMA TRINDADE,2023-07,24.0,Regular
VILA BELA DA SANTISSIMA TRINDADE,2023-08,27.0,Perfect
VILA BELA DA SANTISSIMA TRINDADE,2023-09,29.0,Perfect
VILA BELA DA SANTISSIMA TRINDADE,2023-10,29.0,Perfect
VILA BELA DA SANTISSIMA TRINDADE,2023-11,30.0,Perfect
VILA BELA DA SANTISSIMA TRINDADE,2023-12,28.0,Perfect
